id|codigo|nome|max(ects)|uo_id|ac_id
0|18101|MANUTENÇÃO ELETROMECÂNICA|6|0|16
0|18129|DIREITO EMPRESARIAL E FISCAL|6|0|16
0|40807|MATERIAIS E SUSTENTABILIDADE|6|0|16
0|43332|OBRAS HIDRÁULICAS E SANITÁRIAS|6|0|16
0|45825|FINANÇAS I|6|0|16
0|49978|PROJECTO E PRODUÇÃO ASSISTIDA POR COMPUTADOR|6|0|16
0|81466|FINANÇAS EMPRESARIAIS II|6|0|16
0|18089|DESENHO E IMPLEMENTAÇÃO DE BASES DE DADOS|6|0|16
0|18147|GESTÃO DAS ORGANIZAÇÕES E EMPREENDEDORISMO|6|0|16
0|18165|INFORMÁTICA INDUSTRIAL APLICADA|6|0|16
0|41133|TEORIAS DA LITERATURA|6|0|16
0|41787|APRENDIZAGEM APLICADA À SEGURANÇA|6|0|16
0|42043|RESISTÊNCIA DE MATERIAIS I|6|0|16
0|42115|ECONOMIA DA SAÚDE|6|0|16
0|43485|LITERACIAS:LEITURA ESCRITA|6|0|16
0|46802|ÁRABE I|6|0|16
0|81432|INTRODUÇÃO AOS MÉTODOS QUANTITATIVOS|6|0|16
0|90092|INGLÊS - LÍNGUA|6|0|16
0|90126|MECÂNICA DOS FLUIDOS|3|0|16
0|18005|ARQUITETURAS E PROTOCOLOS DE COMUNICAÇÃO|6|0|16
0|41523|FUNDAMENTOS DE ESTATÍSTICA MÉDICA|6|0|16
0|42707|ANÁLISE MATEMÁTICA II|8|0|16
0|81511|CONTABILIDADE PARA O CONTROLO DE GESTÃO|6|0|16
0|90357|PROJETO TEMÁTICO EM CONCEÇÃO E PRODUÇÃO ASSISTIDA POR COMPUTADOR|9|0|16
0|18117|INGLÊS TÉCNICO|6|0|16
0|40559|RACIOCÍNIO E TOMADA DE DECISÃO|6|0|16
0|41579|TECNOLOGIAS DA COMUNICAÇÃO EM EDUCAÇÃO|8|0|16
0|41952|ARQUITETURA DE COMPUTADORES II|6|0|16
0|43250|TEORIA ALGÉBRICA DAS INVERSAS GENERALIZADAS|3|0|16
0|47516|CRIPTOGRAFIA E SEGURANÇA|6|0|16
0|47844|TERRITÓRIO, POLÍTICA REGIONAL E INOVAÇÃO|6|0|16
0|18132|GESTÃO DE PESSOAS|6|0|16
0|40148|MÚSICA, CRIATIVIDADE E EDUCAÇÃO|6|0|16
0|41802|PROJETOS DE INTERVENÇÃO EDUCACIONAL II|6|0|16
0|45449|POLUIÇÃO, DIAGNÓSTICO E ECOLOGIA APLICADA|6|0|16
0|45711|GESTÃO DE MARKETING|6|0|16
0|46713|FORMAÇÃO AUDITIVA A|4|0|16
0|47268|TEORIA DAS ORGANIZAÇÕES|6|0|16
0|47606|GEOTECNIA RODOVIÁRIA E PAVIMENTAÇÃO|6|0|16
0|47775|QUÍMICA MEDICINAL|6|0|16
0|47915|DINÂMICA DE ESTRUTURAS E ENGENHARIA SÍSMICA|6|0|16
0|90351|PROJETO TEMÁTICO EM ELETRÓNICA E INSTRUMENTAÇÃO|9|0|16
0|17560|FUNDAMENTOS DE PROGRAMAÇÃO|6|0|16
0|41888|MODELAÇÃO, SIMULAÇÃO E OPTIMIZAÇÃO EM PROCESSOS DE MANUFATURA  ADITIVA|6|0|16
0|42344|COGNIÇÃO COMPARADA|6|0|16
0|47055|CONTABILIDADE ANALÍTICA|6|0|16
0|47517|CRÍTICA DE ARTE|6|0|16
0|47823|TÉCNICAS DE CARACTERIZAÇÃO DE MATERIAIS|6|0|16
0|81544|ESTUDOS DE MERCADO|6|0|16
0|82114|GESTÃO ORÇAMENTAL|6|0|16
0|90224|DIREITO COMERCIAL|6|0|16
0|90421|FONTES DE INFORMAÇÃO PARA A QUALIDADE|6|0|16
0|40395|BIOLOGIA MOLECULAR|6|0|16
0|47935|A EDIÇÃO NA ACTUALIDADE|6|0|16
0|81469|COMPLEMENTOS DE CONTABILIDADE DE GESTÃO|6|0|16
0|90404|GESTÃO DA CADEIA DE ABASTECIMENTO|6|0|16
0|18166|PRINCÍPIOS DE GESTÃO E ORGANIZAÇÃO INDUSTRIAL|6|0|16
0|40717|DIDÁTICA DA LÍNGUA PORTUGUESA NOS PRIMEIROS ANOS|6|0|16
0|40840|ILUSTRAÇÃO E PROJETO|6|0|16
0|42036|TECNOLOGIAS DIGITAIS DE APOIO AO PROJETO|6|0|16
0|48091|AVALIAÇÃO INSTITUCIONAL E GESTÃO DO DESEMPENHO|6|0|16
0|18096|ESTRUTURAS E PROPRIEDADES DOS MATERIAIS|6|0|16
0|18127|PRINCIPIOS DE ECONOMIA|6|0|16
0|41201|INTRODUÇÃO À ECONOMIA|6|0|16
0|41509|ELECTRÓNICA DE TELECOMUNICAÇÕES|6|0|16
0|41989|LABORATÓRIO DE ELETRÓNICA|6|0|16
0|42027|ANÁLISE E PREVENÇÃO DE RISCOS NO PATRIMÓNIO EDIFICADO|6|0|16
0|44848|SISTEMAS DE INFORMAÇÃO|6|0|16
0|45455|AVALIAÇÃO EDUCACIONAL|6|0|16
0|90170|SISTEMAS DIGITAIS|3|0|16
0|90186|WEB DESIGN|6|0|16
0|40552|MODELOS TEÓRICOS EM PSICOLOGIA I: DINÂMICOS E SISTÉMICOS|6|0|16
0|40962|PSICOSSOCIOLOGIA E ÉTICA ORGANIZACIONAL|6|0|16
0|42246|BACIAS SEDIMENTARES|6|0|16
0|42431|MULTIMÉDIA II|6|0|16
0|43345|MATEMÁTICAS GERAIS I|6|0|16
0|90279|GESTÃO DA PRODUÇÃO|6|0|16
0|17552|PATRIMÓNIO CULTURAL E NATURAL|6|0|16
0|41646|PROJECTO EM DESIGN BÁSICO|12|0|16
0|43210|INSTRUMENTAÇÃO PARA FÍSICA MÉDICA|6|0|16
0|45118|CIÊNCIAS INTEGRADAS DA NATUREZA I|8|0|16
0|47005|ANÁLISE E INDICADORES EM TURISMO|6|0|16
0|47237|SIMULAÇÃO DE PROCESSOS TECNOLÓGICOS|6|0|16
0|18184|FÍSICA|6|0|16
0|40900|ÉTICA E DEONTOLOGIA PROFISSIONAL|4|0|16
0|41281|TÓPICOS AVANÇADOS DE FISIOTERAPIA I|6|0|16
0|42062|PROJETO EM SISTEMAS DE FABRICO DIGITAIS|6|0|16
0|46873|ESTUDOS DE FOTOGRAFIA|6|0|16
0|47282|MATEMÁTICA I|6|0|16
0|48109|ESTRUTURAS ISOSTÁTICAS|8|0|16
0|81431|MARKETING DE SERVIÇOS E B2B|6|0|16
0|40924|DEMOGRAFIA, POLITICAS PÚBLICAS E EPIDEMIOLOGIA DO ENVELHECIMENTO|6|0|16
0|41945|SINAIS E SISTEMAS ELETRÓNICOS|6|0|16
0|45404|VIAS DE COMUNICAÇÃO|6|0|16
0|46857|ÁRABE III|6|0|16
0|47171|MECÂNICA E OSCILAÇÕES|6|0|16
0|90295|INTERAÇÃO HUMANO-COMPUTADOR|6|0|16
0|40495|PROCESSOS FISICO-QUÍMICOS E BIOLÓGICOS|6|0|16
0|40960|ORGANIZAÇÃO DE RECURSOS E SERVIÇOS DE SAÚDE DO TRABALHO|4|0|16
0|42453|DIREITOS DE AUTOR EM MULTIMÉDIA|4|0|16
0|44646|FRANCÊS V|6|0|16
0|47042|BIOQUÍMICA II|6|0|16
0|47450|ALEMÃO - PRÁTICAS DE TRADUÇÃO I|6|0|16
0|47527|DESENVOLVIMENTO E PLANEAMENTO INTEGRADO DE DESTINOS TURÍSTICOS|6|0|16
0|47531|DESIGN E TECNOLOGIA|6|0|16
0|47567|ESPAÇO PÚBLICO URBANO|6|0|16
0|84326|DESENVOLVIMENTO DE CONTEÚDOS MULTIMÉDIA I|6|0|16
0|90166|SISTEMAS DE INFORMAÇÃO GEOGRÁFICA|6|0|16
0|90260|CONCEÇÃO E FABRICO ASSISTIDOS POR COMPUTADOR|2|0|16
0|90380|CONTABILIDADE FINANCEIRA|6|0|16
0|40532|COMPLEMENTOS SOBRE LINGUAGENS DE PROGRAMAÇÃO|6|0|16
0|41798|INVESTIGAÇÃO EM ENGENHARIA E GESTÃO INDUSTRIAL|8|0|16
0|41974|LABORATÓRIOS DE PROPRIEDADES ELÉTRICAS, MAGNÉTICAS E ÓTICAS DOS MATERIAIS|6|0|16
0|42791|CÁLCULO III|6|0|16
0|47623|HIDROGEOLOGIA|6|0|16
0|48197|SEMINÁRIO|8|0|16
0|90101|INGLÊS TÉCNICO|4|0|16
0|90270|COMUNICAÇÃO TÉCNICA|6|0|16
0|18062|INTRODUÇÃO AO PROJETO DE MOLDES|6|0|16
0|18131|ELEMENTOS DE CONTABILIDADE GERAL|6|0|16
0|40558|CONTEXTOS DE APLICAÇÃO EM PSICOLOGIA I|6|0|16
0|41254|ENGENHARIA DE TECIDOS E ENTREGA TERAPÊUTICA|6|0|16
0|42029|PROJETO DE REABILITAÇÃO DO PATRIMÓNIO 1|6|0|16
0|42451|LABORATÓRIO MULTIMÉDIA 5|12|0|16
0|42481|MULTIMÉDIA E ARQUITECTURAS COGNITIVAS|8|0|16
0|44202|INTRODUÇÃO AOS ESTUDOS LITERÁRIOS|6|0|16
0|44748|LÍNGUA LATINA IV|6|0|16
0|45602|ECONOMIA DA POLÍTICA E DO DIREITO|6|0|16
0|46866|ESPANHOL VI-TÉCNICAS DE EXPRESSÃO|6|0|16
0|86124|INFORMÁTICA ORGANIZACIONAL|6|0|16
0|40664|TEORIAS DA COMUNICAÇÃO|4|0|16
0|41555|ENGENHARIA DE CÉLULAS E TECIDOS|6|0|16
0|44439|ALEMÃO V|6|0|16
0|47613|GESTÃO DA INOVAÇÃO E DA TECNOLOGIA|6|0|16
0|48840|RISCOS ATMOSFÉRICOS E MARINHOS|6|0|16
0|90275|COMPLEMENTOS DE ESTATÍSTICA|6|0|16
0|90385|PROJETO EM GESTÃO DA QUALIDADE NOS SERVIÇOS PÚBLICOS|6|0|16
0|17555|SISTEMAS DE INFORMAÇÃO EM TURISMO|6|0|16
0|18007|INTRODUÇÃO À PROGRAMAÇÃO|6|0|16
0|40670|TECNOLOGIAS QUÂNTICAS|6|0|16
0|40894|BIOEMPREENDEDORISMO|6|0|16
0|41673|DESIGN ESTRATÉGICO I|4|0|16
0|42147|CULTURA PARTICIPATIVA|4|0|16
0|44409|CULTURA ALEMÃ II|6|0|16
0|46846|CHINÊS IV|6|0|16
0|87310|PSICOSSOCIOLOGIA DAS ORGANIZAÇÕES|6|0|16
0|18083|MODELAÇÃO DE SISTEMAS E ENGENHARIA DE SOFTWARE|6|0|16
0|18095|ORGANIZAÇÃO E GESTÃO DA MANUTENÇÃO|6|0|16
0|40020|METODOLOGIA DE INVESTIGAÇÃO EM MARKETING E ESTRATÉGIA|8|0|16
0|41345|EPIDEMIOLOGIA E MÉTODOS EM INVESTIGAÇÃO CLÍNICA|6|0|16
0|41367|SISTEMAS E COMPORTAMENTOS ELEITORAIS|6|0|16
0|45205|CONCEITOS DE MATEMÁTICA I|8|0|16
0|45600|SEMINÁRIO DE INVESTIGAÇÃO EM MULTIMÉDIA EM EDUCAÇÃO (2º ANO)|8|0|16
0|45702|CONTABILIDADE GERAL|6|0|16
0|47095|ENGENHARIA TÉRMICA|6|0|16
0|47875|ANÁLISE E GESTÃO DE RISCO|6|0|16
0|47891|LITERATURA E FORMAÇÃO DE LEITORES|8|0|16
0|81526|TÓPICOS AVANÇADOS DE AUDITORIA|6|0|16
0|41655|TEORIAS E HISTÓRIA DO DESIGN II|4|0|16
0|46670|DIDÁCTICA E DESENVOLVIMENTO CURRICULAR DO PORTUGUÊS|6|0|16
0|47259|TÉCNICAS ESTATÍSTICAS|6|0|16
0|47741|POLÍTICAS DE REABILITAÇÃO URBANA|6|0|16
0|47997|VALORIZAÇÃO SIMBÓLICA DOS ARTEFACTOS|6|0|16
0|81450|INFORMÁTICA ORGANIZACIONAL|6|0|16
0|18158|MÁQUINAS ELÉTRICAS E AUTOMATISMOS|6|0|16
0|40963|INVESTIGAÇÃO EM ENFERMAGEM DO TRABALHO/SAÚDE OCUPACIONAL|6|0|16
0|41199|FONÉTICA EXPERIMENTAL II|8|0|16
0|41671|DESENHO E CONHECIMENTO I|6|0|16
0|41878|PROGRAMAÇÃO DE SISTEMAS ROBÓTICOS|6|0|16
0|42055|PROJETO EM DESENVOLVIMENTO DE PRODUTO|9|0|16
0|47077|DINÂMICA DA ATMOSFERA E DO OCEANO|6|0|16
0|47409|LABORATÓRIOS DE BIOLOGIA MOLECULAR E CELULAR|6|0|16
0|81230|COMPLEMENTOS DE FISCALIDADE|6|0|16
0|81416|TÉCNICAS DE APOIO À DECISÃO|8|0|16
0|82150|DIREÇÃO COMERCIAL E NEGOCIAÇÃO|6|0|16
0|83410|DIREITO TRIBUTÁRIO|6|0|16
0|90060|ENGENHARIA DE SOFTWARE|6|0|16
0|90381|DIREITO DA CONTRATAÇÃO PÚBLICA|6|0|16
0|40546|AVALIAÇÃO NEUROPSICOLÓGICA|6|0|16
0|42139|DESIGN DE COMUNICAÇÃO WEB|6|0|16
0|45651|MULTIMÉDIA E ACESSIBILIDADE|6|0|16
0|47021|ARQUITECTURA|6|0|16
0|47478|BIOFÍSICA HUMANA|6|0|16
0|99263|INGLÊS - LÍNGUA E COMUNICAÇÃO EMPRESARIAL|6|0|16
0|18160|PNEUMÁTICA E HIDRÁULICA INDUSTRIAL|6|0|16
0|40498|ECOLOGIA INDUSTRIAL|6|0|16
0|41362|DESENVOLVIMENTO E COOPERAÇÃO INTERNACIONAL|6|0|16
0|47855|FINANÇAS EMPRESARIAIS|6|0|16
0|81461|ESTATÍSTICA|6|0|16
0|81533|GOVERNO DAS SOCIEDADES|6|0|16
0|90326|PROJETO TEMÁTICO EM PROGRAMAÇÃO APLICADA|6|0|16
0|99262|COMUNICAÇÃO EMPRESARIAL II|6|0|16
0|40656|POLÍTICAS EDUCATIVAS|8|0|16
0|41419|ANÁLISE ECONOMÉTRICA|6|0|16
0|41864|MÓDULOS ESPECIALIZADOS DE MATEMÁTICA EDUCACIONAL|12|0|16
0|41931|INTRODUÇÃO À ENGENHARIA E GESTÃO INDUSTRIAL|6|0|16
0|42032|EFICIÊNCIA E COMPATIBILIZAÇÃO ENERGÉTICA E HÍDRICA NA REABILITAÇÃO|6|0|16
0|42035|GESTÃO, TURISMO, IMOBILIÁRIO E PATRIMÓNIO|6|0|16
0|42159|BIOPROCESSAMENTO DE RECURSOS RENOVÁVEIS|6|0|16
0|42754|ÁLGEBRA|6|0|16
0|44510|LINGUÍSTICA PORTUGUESA II|6|0|16
0|47911|DIDÁCTICA E TECNOLOGIA DA MATEMÁTICA|4|0|16
0|90049|ELECTRÓNICA INDUSTRIAL|3|0|16
0|90397|SISTEMAS OPERATIVOS|6|0|16
0|90398|TECNOLOGIAS DE REDES DE COMPUTADORES|6|0|16
0|40634|ECONOMIA EXPERIMENTAL|6|0|16
0|41344|FUNDAMENTOS DE INVESTIGAÇÃO CLÍNICA|6|0|16
0|42440|LABORATÓRIO MULTIMÉDIA 1|10|0|16
0|44355|INGLÊS V|6|0|16
0|47262|TECNOLOGIAS APLICADAS À GESTÃO DE INFORMAÇÃO|6|0|16
0|47607|GESTÃO DA CADEIA DE ABASTECIMENTO|6|0|16
0|90312|MÉTODOS QUANTITATIVOS APLICADOS À GESTÃO|6|0|16
0|17558|PROJETO DE EMPREENDEDORISMO E INOVAÇÃO EM TURISMO|6|0|16
0|40262|DOR E FUNCIONALIDADE|6|0|16
0|41650|OCEANOGRAFIA QUÍMICA|6|0|16
0|44310|LITERATURA INGLESA I|6|0|16
0|45115|LINGUÍSTICA PORTUGUESA|8|0|16
0|45657|GESTÃO DE SERVIÇOS PÚBLICOS|6|0|16
0|46526|COMANDO NUMÉRICO POR COMPUTADOR|6|0|16
0|47790|REPRESENTAÇÃO DO CONHECIMENTO|6|0|16
0|84322|DESENHO DA EXPERIÊNCIA ONLINE|6|0|16
0|90026|CÁLCULO FINANCEIRO|6|0|16
0|17549|GESTÃO DE EQUIPAS E LIDERANÇA|6|0|16
0|40834|REDES E INFORMÁTICA  INDUSTRIAL|6|0|16
0|41332|ENSINO CLÍNICO I|6|0|16
0|41797|TÓPICOS AVANÇADOS EM ENGENHARIA E GESTÃO INDUSTRIAL|16|0|16
0|45413|MAMÍFEROS DE PORTUGAL|6|0|16
0|81490|DESENVOLVIMENTOS DE CONTEÚDO MULTIMÉDIA II|6|0|16
0|90285|DESENHO|6|0|16
0|18137|SISTEMAS TRIFÁSICOS|6|0|16
0|41417|TEORIA MICROECONÓMICA|6|0|16
0|41796|PSICOLOGIA E CIBERSEGURANÇA|6|0|16
0|42013|PLANEAMENTO E DESENVOLVIMENTO EM TURISMO|6|0|16
0|42750|ANÁLISE NUMÉRICA|8|0|16
0|43390|ESTUDOS DE FARMACOLOGIA HUMANA|6|0|16
0|47001|ADMINISTRAÇÃO PÚBLICA PORTUGUESA - FUNDAMENTOS E MODELOS|6|0|16
0|81554|CONTABILIDADE FINANCEIRA APLICADA|6|0|16
0|90150|PORTUGUÊS II|6|0|16
0|40015|CONHECIMENTO E ESTRATÉGIA EM TURISMO|6|0|16
0|40565|PSICOPATOLOGIA II: ADULTO E IDOSO|6|0|16
0|40944|MECÂNICA DA FRACTURA|6|0|16
0|41505|SISTEMAS EMBUTIDOS E DE TEMPO REAL|6|0|16
0|42116|ESTUDOS ECONÓMICOS APLICADOS|6|0|16
0|42193|ELEMENTOS DE ELECTRÓNICA INDUSTRIAL|6|0|16
0|48071|SEGURANÇA E MICROBIOLOGIA ALIMENTAR|6|0|16
0|81530|FISCALIDADE AVANÇADA|6|0|16
0|90355|MATERIAIS|6|0|16
0|99944|PROJECTO TEMÁTICO EM INSTRUMENTAÇÃO INDUSTRIAL|6|0|16
0|40017|METODOLOGIAS DE INVESTIGAÇÃO EM TURISMO|6|0|16
0|40817|MECÂNICA I|6|0|16
0|42331|ENZIMOLOGIA|6|0|16
0|43948|EMPREENDEDORISMO|6|0|16
0|47089|ENERGIA DOS PROCESSOS METABÓLICOS|6|0|16
0|81449|INTRODUÇÃO AO DIREITO DAS EMPRESAS|6|0|16
0|41607|INVESTIGAÇÃO CLÍNICA|6|0|16
0|41996|INTRODUÇÃO À ENGENHARIA COMPUTACIONAL|2|0|16
0|42884|BIOLOGIA MOLECULAR E CELULAR|6|0|16
0|43353|METODOLOGIA DE INVESTIGAÇÃO|6|0|16
0|46115|SUPERFÍCIES E INTERFACES|6|0|16
0|46894|INSTITUIÇÕES E POLÍTICAS EUROPEIAS|6|0|16
0|47897|DIDÁCTICA DAS EXPRESSÕES E COMUNICAÇÃO|4|0|16
0|47899|EXPRESSÕES ARTÍSTICAS II|8|0|16
0|81457|INTRODUÇÃO À CONTABILIDADE DE GESTÃO|6|0|16
0|90349|MODELAÇÃO 3D|4|0|16
0|99259|TÉCNICAS DE SECRETARIADO II|6|0|16
0|40125|ILUSTRAÇÃO ARQUEOLÓGICA E PALEONTOLÓGICA|6|0|16
0|40578|PSICOLOGIA DA EMOÇÃO E DA MOTIVAÇÃO|6|0|16
0|46456|MARKETING E ESTRATÉGIAS DIGITAIS|6|0|16
0|47756|PROGRAMAÇÃO MATEMÁTICA|6|0|16
0|47830|TECNOLOGIAS AVANÇADAS DA PRODUÇÃO|6|0|16
0|47845|TIPOLOGIAS DA EDIÇÃO|8|0|16
0|81508|CONTABILIDADE E CONTROLO DE GESTÃO|6|0|16
0|81519|TENDÊNCIAS EM CONTROLO DE GESTÃO|6|0|16
0|81528|CONTABILIDADE PÚBLICA|6|0|16
0|90254|REDES DE COMUNICAÇÃO|3|0|16
0|99258|INGLÊS - TECNOLOGIAS DE TRADUÇÃO|6|0|16
0|18177|ORGANIZAÇÃO E GESTÃO DA PRODUÇÃO|6|0|16
0|40114|BIOQUÍMICA E BIOFÍSICA|4|0|16
0|40724|ÉTICA E DEONTOLOGIA PROFISSIONAL|4|0|16
0|41680|ENERGIA NOS EDIFÍCIOS|6|0|16
0|42012|SOCIOLOGIA E METODOLOGIA EM TURISMO|6|0|16
0|46865|ESPANHOL V-TÉCNICAS DE EXPRESSÃO|6|0|16
0|47539|ECONOMETRIA APLICADA|6|0|16
0|41354|GESTÃO DE DADOS E INFORMAÇÃO|6|0|16
0|41525|FUNDAMENTOS EM EPIDEMIOLOGIA E SAÚDE PÚBLICA|6|0|16
0|41696|GESTÃO INTEGRADA DE ECOSSISTEMAS MARINHOS|6|0|16
0|42026|HISTÓRIA DA ARQUITETURA, DAS ESTRUTURAS E TÉCNICAS CONSTRUTIVAS|6|0|16
0|44268|INICIAÇÃO À PRÁTICA DE ENSINO DO INGLÊS|8|0|16
0|47167|MATEMÁTICA PARA AS CIÊNCIAS SOCIAIS|8|0|16
0|81527|PRÁTICAS DE AUDITORIA FINANCEIRA|6|0|16
0|90271|INGLÊS APLICADO À GESTÃO|6|0|16
0|40595|RUSSO - PROJECTO DE APLICAÇÃO|6|0|16
0|41585|FARMACOLOGIA E TERAPÊUTICA 2|6|0|16
0|44533|COMPETÊNCIAS EM EMPREENDEDORISMO|3|0|16
0|44535|CULTURA PORTUGUESA CONTEMPORÂNEA|6|0|16
0|45160|LITERATURA INFANTO-JUVENIL|8|0|16
0|47184|MODELOS ESTATÍSTICOS|6|0|16
0|47389|INDICADORES BIOLÓGICOS DE POLUIÇÃO|6|0|16
0|47971|INTERACÇÃO CULTURAL E COMUNICAÇÃO|6|0|16
0|90399|LABORATÓRIOS DE PROGRAMAÇÃO|6|0|16
0|18010|SISTEMAS OPERATIVOS|6|0|16
0|41240|MACROECONOMIA I|6|0|16
0|41643|OCEANOGRAFIA BIOLÓGICA|6|0|16
0|42083|REDES COM INTEGRAÇÃO DE SERVIÇOS|6|0|16
0|42573|SEGURANÇA INFORMÁTICA E NAS ORGANIZAÇÕES|6|0|16
0|45727|GESTÃO DA QUALIDADE|6|0|16
0|46051|TRADUÇÃO PORTUGUÊS - CHINÊS|6|0|16
0|81537|MARKETING I|6|0|16
0|82115|FINANÇAS EMPRESARIAIS I|6|0|16
0|90396|PROGRAMAÇÃO ORIENTADA A OBJETOS|6|0|16
0|99252|ÉTICA E DEONTOLOGIA|6|0|16
0|40120|ILUSTRAÇÃO BOTÂNICA|6|0|16
0|41149|GEOLOGIA DE PORTUGAL|6|0|16
0|41313|CONTABILIDADE E RELATO FINANCEIRO|6|0|16
0|44850|ELETRÓNICA INDUSTRIAL|4|0|16
0|45619|PATOLOGIA CLÍNICA I|6|0|16
0|47960|GEOLOGIA DE CAMPO|6|0|16
0|83112|DIREITO FISCAL|6|0|16
0|40688|OBSERVAÇÃO EM EDUCAÇÃO|6|0|16
0|41266|ENGENHARIA DE SISTEMAS|6|0|16
0|41361|REGIMES E SISTEMAS POLÍTICOS|6|0|16
0|42015|PROJETO E CONSULTADORIA EM TURISMO|6|0|16
0|42642|ALEMÃO V-TÉCNICAS DE EXPRESSÃO|6|0|16
0|44551|HERMENÊUTICAS CULTURAIS|6|0|16
0|44854|MODELAÇÃO I|6|0|16
0|46891|ESPANHOL VI|6|0|16
0|47046|CARTOGRAFIA E TÉCNICAS DE INFORMÁTICA|6|0|16
0|47133|INSTRUMENTAÇÃO E ELECTROTECNIA APLICADA|6|0|16
0|47764|PROPRIEDADE INTELECTUAL E DIREITOS DE AUTOR|4|0|16
0|40630|ANÁLISE MACROECONÓMICA|6|0|16
0|41954|MECÂNICA E CAMPO ELETROMAGNÉTICO|6|0|16
0|42312|PREPARAÇÃO DE DISSERTAÇÃO, PROJETO OU ESTÁGIO|12|0|16
0|47573|ESTATÍSTICA MULTIVARIADA|6|0|16
0|90048|ECONOMIA REGIONAL E LOCAL|6|0|16
0|40714|DIDÁTICA DAS CIÊNCIAS NATURAIS|6|0|16
0|41143|GEOLOGIA DE CAMPO I|6|0|16
0|41314|TEORIA FINANCEIRA|6|0|16
0|42047|ANTEPROJETO EM ENGENHARIA CIVIL|6|0|16
0|42253|ECONOMIA DA SAÚDE|6|0|16
0|90253|INSTALAÇÕES ELÉTRICAS ESPECIAIS|3|0|16
0|99936|PROJECTO TEMÁTICO EM DESENVOLVIMENTO DE APLICAÇÕES|6|0|16
0|40032|SISTEMAS DE SUPORTE DE VIDA E MANUTENÇÃO DE ORGANISMOS MARINHOS|6|0|16
0|40783|DESENVOLVIMENTO MICROESTRUTURAL I|6|0|16
0|41423|COMPLEMENTOS DE FINANÇAS EMPRESARIAIS|6|0|16
0|41708|ONDAS|6|0|16
0|42142|TEORIA DOS MÉDIA DIGITAIS|4|0|16
0|45943|BIOESTATÍSTICA E EPIDEMIOLOGIA|4|0|16
0|46474|TEORIA DAS ESTRUTURAS|6|0|16
0|18133|CONTROLO DE GESTÃO PARA PME|6|0|16
0|41558|APLICACIONAIS PARA CIENCIAS E ENGENHARIA|6|0|16
0|48034|AQUISIÇÃO E ANÁLISE DE DADOS|6|0|16
0|40632|ECONOMIA FINANCEIRA|6|0|16
0|40961|GESTÃO DA QUALIDADE EM SAÚDE OCUPACIONAL|4|0|16
0|41343|ESTUDOS AVANÇADOS EM ENGENHARIA CIVIL|12|0|16
0|41486|DISPOSITIVOS ELETRÓNICOS|6|0|16
0|99253|COMPORTAMENTO ORGANIZACIONAL|6|0|16
0|40804|LIGAÇÃO DE MATERIAIS|6|0|16
0|41387|ADMINISTRAÇÃO E POLITICAS EDUCACIONAIS II|6|0|16
0|41595|SAÚDE PÚBLICA E EPIDEMIOLOGIA|6|0|16
0|41718|ESTUDOS EM PERFORMANCE|6|0|16
0|41926|TEMAS DE LITERATURAS DE LÍNGUA PORTUGUESA|6|0|16
0|47168|MECÂNICA APLICADA|6|0|16
0|47621|HIDRÁULICA FLUVIAL|6|0|16
0|81540|MARKETING II|6|0|16
0|90314|SEMINÁRIO I|6|0|16
0|90407|LOGÍSTICA E DISTRIBUIÇÃO|6|0|16
0|40844|MODELAÇÃO E INTEGRAÇÃO DE PROCESSOS|6|0|16
0|40926|ORGANIZAÇÃO E GESTÃO DE SERVIÇOS GERONTOLÓGICOS|6|0|16
0|42157|BIOTECNOLOGIA ALIMENTAR AVANÇADA|6|0|16
0|42888|ESCOAMENTO DE FLUIDOS E SISTEMAS MULTIFÁSICOS|6|0|16
0|44139|COMPUTAÇÃO MÓVEL|6|0|16
0|44437|ALEMÃO III|6|0|16
0|85101|MICROECONOMIA|6|0|16
0|18154|GESTÃO E OTIMIZAÇÃO DE EQUIPAS|6|0|16
0|40593|RUSSO V - LÍNGUA E CULTURA|6|0|16
0|40612|A BASE MOLECULAR DA BIOMEDICINA|6|0|16
0|40661|DESENVOLVIMENTO DE NOVOS PRODUTOS ALIMENTARES|6|0|16
0|40715|MATEMÁTICA COMPLEMENTAR I|6|0|16
0|41586|TERAPIA CELULAR E MEDICINA REGENERATIVA|4|0|16
0|41615|IMUNOLOGIA MOLECULAR E IMUNOTERAPIA|6|0|16
0|41663|HISTÓRIA DO DESIGN PORTUGUÊS|4|0|16
0|43484|LITERATURA PARA A INFÂNCIA E JUVENTUDE|6|0|16
0|47206|POLÍTICAS E GESTÃO DE SEGURANÇA SOCIAL|6|0|16
0|47216|PSICOLOGIA DA ATENÇÃO E DA PERCEPÇÃO|6|0|16
0|48831|DIAGNÓSTICO FUNCIONAL AVANÇADO EM FISIOTERAPIA MUSCULOSQUELÉTICA|6|0|16
0|90129|MICROPROCESSADORES E MICROCONTROLADORES|3|0|16
0|18011|ADMINISTRAÇÃO E GESTÃO DE SISTEMAS|8|0|16
0|40557|AVALIAÇÃO PSICOLÓGICA I|6|0|16
0|40722|TEMAS AVANÇADOS DE BIOLOGIA E GEOLOGIA|6|0|16
0|41285|TÓPICOS AVANÇADOS DE FISIOTERAPIA II|6|0|16
0|42715|GEOMATEMÁTICA|6|0|16
0|47874|AVALIAÇÃO DE EMPRESAS|6|0|16
0|47890|ELEMENTOS DE GEOMETRIA|8|0|16
0|40676|EDUCAÇÃO, MATEMÁTICA, CIÊNCIAS E SOCIEDADE|8|0|16
0|41221|ECONOMIA INDUSTRIAL I|6|0|16
0|46772|DIRECÇÃO I|4|0|16
0|47028|BIOINFORMÁTICA|6|0|16
0|18103|FUNDAMENTOS DE MARKETING|6|0|16
0|41327|MICROBIOLOGIA E FARMACOLOGIA|4|0|16
0|41574|ESTATÍSTICA BIOMÉDICA|6|0|16
0|46770|DIRECÇÃO II|4|0|16
0|47898|DIDÁCTICA DA LÍNGUA|4|0|16
0|90002|ALEMÃO - INICIAÇÃO|6|0|16
0|90283|SEGURANÇA E SAÚDE NO TRABALHO|6|0|16
0|18171|MAQUINAÇÃO|6|0|16
0|42610|LÍNGUA PORTUGUESA I|6|0|16
0|90105|INSTRUMENTAÇÃO E MEDIDAS|3|0|16
0|90296|PROGRAMAÇÃO E TECNOLOGIAS WEB|6|0|16
0|18006|GESTÃO DE REQUISITOS E DE PROJETOS|6|0|16
0|41241|MICROECONOMIA I|6|0|16
0|42189|ATMOSFERA E OCEANOS|6|0|16
0|42535|INFORMÁTICA INDUSTRIAL|6|0|16
0|46724|ESTÉTICA|4|0|16
0|47186|MOVIMENTOS ARTÍSTICOS CONTEMPORÂNEOS|4|0|16
0|47348|TÉCNICAS ESPECTROSCÓPICAS|6|0|16
0|47800|SERVOMECANISMOS|6|0|16
0|47984|TÉCNICAS DE PROTOTIPAGEM RÁPIDA|6|0|16
0|90419|SEMINÁRIO II|6|0|16
0|18069|ALGORITMOS E PROGRAMAÇÃO|6|0|16
0|40124|ILUSTRAÇÃO ZOOLÓGICA|6|0|16
0|40629|TIC E EDUCAÇÃO EM MATEMÁTICA|6|0|16
0|40972|METODOLOGIAS DE INVESTIGAÇÃO E ANÁLISE DE DADOS|6|0|16
0|41085|TÓPICOS DE MATEMÁTICA E FERRAMENTAS COMPUTACIONAIS|8|0|16
0|41162|DIREITO DO TRABALHO NA ADMINISTRAÇÃO PÚBLICA|6|0|16
0|41578|MICROBIOLOGIA MÉDICA|6|0|16
0|44847|INTRODUÇÃO À TECNOLOGIA E DESENVOLVIMENTO DE PRODUTO|6|0|16
0|45831|AUDITORIA|6|0|16
0|47460|ANÁLISE DE DADOS|6|0|16
0|47691|MÉTODOS DE INVESTIGAÇÃO OPERACIONAL|6|0|16
0|18061|MODELAÇÃO|6|0|16
0|40383|PADRÕES E DESENHO DE SOFTWARE|6|0|16
0|41518|MÉTODOS DE CARACTERIZAÇÃO DE MATERIAIS|6|0|16
0|42078|INFORMAÇÃO E CODIFICAÇÃO|6|0|16
0|42297|ENERGIAS RENOVÁVEIS|0|0|16
0|43564|QUÍMICA ORGÂNICA|6|0|16
0|45172|PLANCTONOLOGIA|6|0|16
0|45802|DIREITO DAS EMPRESAS I|6|0|16
0|46402|MECÂNICA DOS SÓLIDOS|6|0|16
0|46404|TECNOLOGIA MECÂNICA I|6|0|16
0|46469|HIDRÁULICA GERAL I|6|0|16
0|47512|CONVERSÃO DE ENERGIAS CONVENCIONAIS|6|0|16
0|17567|PRODUÇÃO DE CONTEÚDOS INFORMATIVOS ON-LINE|6|0|16
0|40766|CÉLULAS E TECIDOS|6|0|16
0|41922|ESTUDOS AVANÇADOS EM CIÊNCIAS E ENGENHARIA  DO AMBIENTE|12|0|16
0|42021|TÓPICOS AVANÇADOS EM REABILITAÇÃO I|6|0|16
0|42608|INGLÊS III|6|0|16
0|48060|LÍNGUA E LINGUÍSTICA INGLESA|6|0|16
0|41637|DIREITO E POLÍTICAS DO MAR|6|0|16
0|41910|EMPREENDEDORISMO E DESENVOLVIMENTO SUSTENTÁVEL|6|0|16
0|44345|INGLÊS V-TÉCNICAS DE EXPRESSÃO|6|0|16
0|47810|SISTEMAS DE VISÃO E DE PERCEPÇÃO INDUSTRIAL|6|0|16
0|48249|SEMINÁRIO EM BIOTECNOLOGIA|12|0|16
0|90198|GESTÃO DA COMUNICAÇÃO E DA MUDANÇA|6|0|16
0|18018|TÉCNICAS DE EXPRESSÃO ORAL E ESCRITA|6|0|16
0|41638|BIOLOGIA E DIVERSIDADE MARINHA|6|0|16
0|42641|ALEMÃO VI-TÉCNICAS DE EXPRESSÃO|6|0|16
0|44266|DIDÁTICA DO INGLÊS PARA CRIANÇAS|6|0|16
0|46810|CHINÊS I|6|0|16
0|81486|CORPORATE FINANCE|6|0|16
0|90073|FÍSICA|6|0|16
0|90172|SISTEMAS ELECTRÓNICOS|3|0|16
0|18185|QUÍMICA DOS MATERIAIS|6|0|16
0|40279|DISCURSOS E TRADUÇÃO|6|0|16
0|40577|PSICOLOGIA DA MEMÓRIA|6|0|16
0|40952|ESTUDO DO MOVIMENTO HUMANO II|6|0|16
0|41203|PSICOLINGUÍSTICA|6|0|16
0|41219|ECONOMIA EUROPEIA|6|0|16
0|41275|ANATOMO-FISIOLOGIA CLÍNICA|6|0|16
0|41519|PROGRAMAÇÃO POR OBJECTOS|6|0|16
0|42011|INTRODUÇÃO AO TURISMO|6|0|16
0|42014|MERCADOS E PRODUTOS EM TURISMO|6|0|16
0|46488|AUTOMAÇÃO I|6|0|16
0|47280|GENÉTICA E EVOLUÇÃO|6|0|16
0|48100|AVALIAÇÃO E CONSERVAÇÃO DOS RECURSOS BIOLÓGICOS MARINHOS|6|0|16
0|81477|FINANÇAS II|6|0|16
0|85102|MACROECONOMIA|6|0|16
0|90388|POLÍTICAS PÚBLICAS|6|0|16
0|18034|TÉCNICAS EXPRESSÃO ORAL E ESCRITA|6|0|16
0|18135|CALOR E FLUÍDOS|6|0|16
0|40758|EVOLUÇÃO E DIVERSIDADE MICROBIANA|6|0|16
0|40829|AUTOMAÇÃO DE PROCESSOS INDUSTRIAIS|6|0|16
0|40934|BIOTECNOLOGIA MICROBIANA|6|0|16
0|41337|CUIDADOS CONTINUADOS|4|0|16
0|41640|POLUIÇÃO MARINHA|6|0|16
0|46785|TOXICOLOGIA MOLECULAR E CELULAR|6|0|16
0|47215|PSICOBIOLOGIA|6|0|16
0|41224|AVALIAÇÃO E REABILITAÇÃO AUDITIVA|6|0|16
0|41670|PROJECTO EM DESIGN IV|10|0|16
0|41957|FUNDAMENTOS DE ECONOMIA E GESTÃO|6|0|16
0|43284|TIC E EDUCAÇÃO EM CIÊNCIA|6|0|16
0|45951|ESTRUTURAS ORGANIZACIONAIS E SOCIAIS DA SAÚDE|4|0|16
0|47448|FRANCÊS - PRÁTICAS DE TRADUÇÃO I|6|0|16
0|47541|ECONOMIA DA INFORMAÇÃO E INCERTEZA|6|0|16
0|47849|TRADUÇÃO AUDIOVISUAL|6|0|16
0|81485|INVESTIMENTOS FINANCEIROS|6|0|16
0|90340|ALGORITMIA E PROGRAMAÇÃO|3|0|16
0|41363|GOVERNAÇÃO E POLÍTICAS PÚBLICAS|6|0|16
0|41414|SEMINÁRIO EM CIÊNCIAS ECONÓMICAS E EMPRESARIAIS I|6|0|16
0|42188|METODOLOGIAS DE INVESTIGAÇÃO EM SISTEMAS ENERGÉTICOS E ALTERAÇÕES CLIMÁTICAS|12|0|16
0|42891|TERMODINÂMICA DE PROCESSOS QUÍMICOS|6|0|16
0|43220|COMUNICAÇÃO TÉCNICA|6|0|16
0|44853|MECÂNICA DOS MATERIAIS|4|0|16
0|44860|COMPONENTES E ESTRUTURAS|6|0|16
0|90311|MEDIÇÃO E GESTÃO DO DESEMPENHO DO NEGÓCIO|6|0|16
0|18071|ANÁLISE DE SISTEMAS E BASES DE DADOS|6|0|16
0|40284|ESTATÍSTICA APLICADA EM INVESTIGAÇÃO CLÍNICA|6|0|16
0|41406|ELECTRÓNICA DE POTÊNCIA|6|0|16
0|42000|DISPOSITIVOS BIOMECÂNICOS|6|0|16
0|42065|TRIBOLOGIA E ENGENHARIA DAS SUPERFÍCIES|6|0|16
0|42192|ELEMENTOS DE PROGRAMAÇÃO|6|0|16
0|81534|CASOS ESPECIAIS DE TRIBUTAÇÃO EM SEDE DE IRC|6|0|16
0|90406|ESTRATÉGIAS DE INTERNACIONALIZAÇÃO|6|0|16
0|18003|TÓPICOS DE MATEMÁTICA|6|0|16
0|18028|PROCESSOS DE TRANSFORMAÇÃO INDUSTRIAIS|6|0|16
0|40368|BIOQUÍMICA E METABOLISMO|6|0|16
0|40509|DIDÁCTICA DAS CIÊNCIAS NATURAIS E SOCIAIS|4|0|16
0|41264|CONCEÇÃO E MODELAÇÃO 3D|6|0|16
0|41303|COMPORTAMENTO ORGANIZACIONAL|6|0|16
0|41556|TÓPICOS AVANÇADOS DE GERONTOLOLOGIA E GERIATRIA|18|0|16
0|42728|CÁLCULO I|6|0|16
0|46448|INOVAÇÃO EM GESTÃO DE ATRAÇÕES CULTURAIS|6|0|16
0|81520|CONTABILIDADE FINANCEIRA AVANÇADA I|6|0|16
0|90284|GESTÃO AMBIENTAL NAS ORGANIZAÇÕES|6|0|16
0|18085|SISTEMAS DE INFORMAÇÃO EMPRESARIAIS|6|0|16
0|41255|LABORATÓRIOS DE ENGENHARIA BIOMÉDICA|6|0|16
0|41587|LABORATÓRIOS DE BIOMEDICINA 5|4|0|16
0|45916|ANÁLISE DE DADOS E PLANEAMENTO EXPERIMENTAL|6|0|16
0|47529|DESIGN E ESTRATÉGIA|6|0|16
0|82148|COMUNICAÇÃO INTEGRADA DE MARKETING|6|0|16
0|82501|GESTÃO DA CADEIA DE ABASTECIMENTO|6|0|16
0|82502|APLICAÇÕES DE INTERNET MARKETING|6|0|16
0|18175|DESENHO ASSISTIDO POR COMPUTADOR|6|0|16
0|41154|DIREITO CONSTITUCIONAL|4|0|16
0|47893|EXPRESSÕES ARTÍSTICAS I|8|0|16
0|90401|MARKETING|6|0|16
0|17554|ANIMAÇÃO, ITINERÁRIOS E EVENTOS TURÍSTICOS|6|0|16
0|18078|FERRAMENTAS DE AUTORIA|6|0|16
0|18114|ELEMENTOS DE MATEMÁTICA E ESTATÍSTICA|6|0|16
0|46888|ESPANHOL III|6|0|16
0|47263|TECNOLOGIAS DE APOIO À TRADUÇÃO I|6|0|16
0|47455|ALEMÃO I - PRÁTICAS AVANÇADAS DE TRADUÇÃO|10|0|16
0|90124|MATEMÁTICA II|6|0|16
0|90242|ELEMENTOS  DE ELECTROMAGNETISMO|6|0|16
0|90360|ENGENHARIA E FABRICO ASSISTIDOS POR COMPUTADOR|3|0|16
0|90408|GESTÃO ESTRATÉGICA DA QUALIDADE|6|0|16
0|18077|ENGENHARIA DE SOFTWRE|6|0|16
0|41748|PROCESSOS DE LIGAÇÃO|6|0|16
0|45104|INTRODUÇÃO ÀS CIÊNCIAS DA LINGUAGEM|6|0|16
0|45593|ECOLOGIA QUANTITATIVA DAS POPULAÇÕES|6|0|16
0|46447|GESTÃO DO PATRIMÓNIO CULTURAL EM TURISMO|6|0|16
0|47649|LABORATÓRIO DE EXPERIMENTAÇÃO E CRIAÇÃO ARTÍSTICA II|12|0|16
0|48212|CONSTRUÇÃO SUSTENTÁVEL|6|0|16
0|81106|FISCALIDADE|6|0|16
0|81510|GESTÃO FINANCEIRA INTERNACIONAL|6|0|16
0|82119|GESTÃO DAS INSTITUIÇÕES FINANCEIRAS|6|0|16
0|90393|LABORATÓRIOS DE INFORMÁTICA|6|0|16
0|99260|ANÁLISE DE DADOS|6|0|16
0|40674|CURRÍCULO, TECNOLOGIA E DIDÁTICA DE CIÊNCIAS E MATEMÁTICA|8|0|16
0|41572|BIOQUÍMICA INTEGRATIVA|6|0|16
0|45824|INTRODUÇÃO AO DIREITO|4|0|16
0|47614|GESTÃO DE OBRAS E COORDENAÇÃO DE SEGURANÇA|6|0|16
0|18138|INSTRUMENTAÇÃO INDUSTRIAL|6|0|16
0|40524|ANATOMIA IMAGIOLÓGICA I|6|0|16
0|40675|SEMINÁRIO EM DIDÁTICA DE CIÊNCIAS E MATEMÁTICA|10|0|16
0|41561|PROJETO DE TESE E PLANEAMENTO E ANÁLISE DE DADOS|30|0|16
0|42077|TECNOLOGIAS DE PROCESSAMENTO DE BIOMASSA|6|0|16
0|47590|FORMAS URBANAS|6|0|16
0|40511|TIC E EDUCAÇÃO BÁSICA|4|0|16
0|43346|MATEMÁTICAS GERAIS II|6|0|16
0|44511|LINGUÍSTICA PORTUGUESA III|6|0|16
0|82420|MARKETING DIGITAL|6|0|16
0|90241|DESENHO TÉCNICO|4|0|16
0|41609|SEMINÁRIOS EM BIOMEDICINA|6|0|16
0|41695|BIOLOGIA, ECOLOGIA E CONSERVAÇÃO DO MAR ABERTO E PROFUNDO|6|0|16
0|41988|PROGRAMAÇÃO|6|0|16
0|45804|DIREITO DE EMPRESAS II|6|0|16
0|47319|DESIGN E USABILIDADE|4|0|16
0|47622|HIDRÁULICA URBANA|6|0|16
0|90402|TÉCNICAS DE NEGOCIAÇÃO|6|0|16
0|17561|DIREITO DA INFORMÁTICA E DA COMUNICAÇÃO|6|0|16
0|18105|FORÇA DE VENDAS|6|0|16
0|40549|PRÁTICA BASEADA NA EVIDÊNCIA EM PSICOLOGIA|6|0|16
0|40823|AUTOMATISMOS|6|0|16
0|41256|ECONOMIA DOS RECURSOS NATURAIS|6|0|16
0|41902|TECNOLOGIAS DE ATUAÇÃO|6|0|16
0|42112|ÉTICA E PROTOCOLOS|6|0|16
0|42702|MATEMÁTICA I|8|0|16
0|47134|INTRODUÇÃO À ANÁLISE E PROCESSAMENTO DE SINAL|6|0|16
0|47993|VIDEO ARTE DIGITAL|6|0|16
0|81470|AUDITORIA|6|0|16
0|81536|INFRAÇÕES FISCAIS E PARAFISCAIS|6|0|16
0|90315|SEMINÁRIO II|6|0|16
0|41968|INTRODUÇÃO À ENGENHARIA DO AMBIENTE|6|0|16
0|42194|ELEMENTOS DE AUTOMAÇÃO INDUSTRIAL|6|0|16
0|43212|ANÁLISE COMPLEXA|8|0|16
0|47574|ESTÉTICA CONTEMPORÂNEA|6|0|16
0|82136|GESTÃO ESTRATÉGICA|6|0|16
0|90114|MÁQUINAS ELÉCTRICAS|3|0|16
0|40691|LITERATURA DE EXPRESSÃO INGLESA|6|0|16
0|41510|IDENTIFICAÇÃO DE SISTEMAS|6|0|16
0|42879|MÉTODOS ESPECTROSCÓPICOS|6|0|16
0|43528|QUÍMICA FÍSICA II|6|0|16
0|46470|HIDRÁULICA GERAL II|6|0|16
0|47656|ALEMÃO - PROJECTO DE APLICAÇÃO|6|0|16
0|47943|CORPORATE AND PROJECT FINANCE|6|0|16
0|81471|ANÁLISE FINANCEIRA|6|0|16
0|81546|GESTÃO DA INFORMAÇÃO E CRM|6|0|16
0|90276|GESTÃO DA QUALIDADE II|6|0|16
0|99261|COMUNICAÇÃO EMPRESARIAL I|6|0|16
0|18124|GESTÃO DAS OPERAÇÕES|6|0|16
0|40620|DIDÁTICA DA HISTÓRIA E GEOGRAFIA E DAS CIÊNCIAS NATURAIS|6|0|16
0|47013|ANÁLISE, TEORIA E CRIAÇÃO MUSICAL B|4|0|16
0|48093|POLÍTICAS PÚBLICAS DE RECURSOS HUMANOS|6|0|16
0|84323|ESCRITA PARA INTERNET|6|0|16
0|40648|MÉTODOS E TÉCNICAS EM RESSONÂNCIA MAGNÉTICA|8|0|16
0|40728|MÉTODOS E TÉCNICAS DE IMAGIOLOGIA II|8|0|16
0|41418|TEORIA MACROECONÓMICA|6|0|16
0|42221|FUNDAMENTOS DE GEOLOGIA|6|0|16
0|47136|INTRODUÇÃO À EDIÇÃO|6|0|16
0|47506|CONSERVAÇÃO E REABILITAÇÃO DA CONSTRUÇÃO|6|0|16
0|47637|INSTITUIÇÕES E PARTIDOS POLÍTICOS|6|0|16
0|81460|MACROECONOMIA|6|0|16
0|40520|RADIOBIOLOGIA|4|0|16
0|40748|CARTOGRAFIAS DO IMAGINÁRIO|6|0|16
0|40933|BIOTECNOLOGIA VEGETAL|6|0|16
0|41288|ANÁLISE DE DADOS PARA CIÊNCIAS DA LINGUAGEM|4|0|16
0|41532|MÉTODOS BAYESIANOS|6|0|16
0|41676|TIPOGRAFIA|6|0|16
0|45489|ESTUDOS AVANÇADOS DE ESTRATÉGIA|8|0|16
0|45490|INOVAÇÃO E EMPREENDEDORISMO|6|0|16
0|46493|INTRODUÇÃO À ENGENHARIA MECÂNICA|6|0|16
0|81539|PRINCÍPIOS DE CONTABILIDADE E FINANÇAS|6|0|16
0|18140|INSTALAÇÕES ELÉTRICAS|6|0|16
0|40154|COMPRAS PÚBLICAS E CONTRATAÇÃO|6|0|16
0|40689|SEMINÁRIO EM SUPERVISÃO|10|0|16
0|40927|ENVELHECIMENTO, FAMILIA E CUIDADOS INFORMAIS|6|0|16
0|42441|LABORATÓRIO MULTIMÉDIA 2|10|0|16
0|47024|AUTOMAÇÃO E CONTROLO|6|0|16
0|47443|INGLÊS - PRÁTICAS DE TRADUÇÃO II|6|0|16
0|47576|ESTRATÉGIA E COMPETITIVIDADE|6|0|16
0|90374|ECONOMIA II|6|0|16
0|41316|PROJECTO EM DESIGN DE PRODUTO I|12|0|16
0|41711|ANIMAÇÃO TURÍSTICA E GESTÃO DE EVENTOS|6|0|16
0|90337|SERVIÇOS PARA APLICAÇÕES WEB E MÓVEIS|6|0|16
0|90371|ADMINISTRAÇÃO PÚBLICA|6|0|16
0|41273|INTRODUÇÃO À FISIOTERAPIA|8|0|16
0|43414|PSICOLOGIA DA EDUCAÇÃO|6|0|16
0|46803|ESPANHOL I|6|0|16
0|47924|MULTIMÉDIA PARA RELAÇÕES EMPRESARIAIS|8|0|16
0|89135|GESTÃO DAS ORGANIZAÇÕES|6|0|16
0|90310|GESTÃO DA EQUIPA DE VENDAS|6|0|16
0|40418|SEMINÁRIOS DE MATERIAIS|6|0|16
0|40733|TEMAS DE LÍNGUA E CULTURA PORTUGUESAS I|8|0|16
0|40945|GOVERNAÇÃO LOCAL E POLÍTICAS PÚBLICAS|6|0|16
0|40955|EDUCAÇÃO CLINICA EM TERAPIA DA FALA II|15|0|16
0|41209|PERTURBAÇÕES DA COMUNICAÇÃO I|6|0|16
0|42708|ANÁLISE MATEMÁTICA III|8|0|16
0|81465|DIREITO FISCAL|6|0|16
0|90257|ÓRGÃOS DE MÁQUINAS|6|0|16
0|18092|DESENHO TÉCNICO|6|0|16
0|40538|TECNOLOGIA METALÚRGICA|6|0|16
0|40543|QUÍMICA FÍSICA DE POLÍMEROS|6|0|16
0|41346|ÉTICA NA INVESTIGAÇÃO CLÍNICA|6|0|16
0|41453|TÓPICOS AVANÇADOS DE PROBALIDADE E ESTATÍSTICA|6|0|16
0|41499|ELETRÓNICA DE RÁDIO FREQUÊNCIA|6|0|16
0|41681|OTIMIZAÇÃO NÃO-LINEAR EM ENGENHARIA|6|0|16
0|42040|DESENHO TÉCNICO POR COMPUTADOR II|4|0|16
0|43518|QUÍMICA ORGÂNICA II|6|0|16
0|82504|COMPORTAMENTO DO CONSUMIDOR|6|0|16
0|90252|PROJETO TEMÁTICO EM PROJETO DE INSTALAÇÕES ESPECIAIS|6|0|16
0|40621|LITERACIAS: LEITURA E ESCRITA|4|0|16
0|41937|FUNDAMENTOS DE QUÍMICA|6|0|16
0|45952|FISIOPATOLOGIA|6|0|16
0|90217|GESTÃO DE FORÇA DE VENDAS|6|0|16
0|90339|USABILIDADE E EXPERIÊNCIA DE UTILIZAÇÃO|6|0|16
0|99937|PROJECTO TEMÁTICO EM DESENVOLVIMENTO WEB|6|0|16
0|17548|INTRODUÇÃO À ECONOMIA DO TURISMO|6|0|16
0|18004|ARQUITETURA DE SISTEMAS COMPUTACIONAIS|6|0|16
0|18008|PROGRAMAÇÃO ORIENTADA  A OBJETOS|6|0|16
0|18075|PROGRAMAÇÃO EM AMBIENTE WEB|6|0|16
0|18100|ELEMENTOS DE TRANSMISSÕES MECÂNICAS|6|0|16
0|40388|DIAGNÓSTICO MOLECULAR|6|0|16
0|41242|MACROECONOMIA II|6|0|16
0|41398|LABORATÓRIO DE CRIAÇÃO E INTERPRETAÇÃO|18|0|16
0|41842|FÍSICA MÉDICA|6|0|16
0|45617|BIOQUÍMICA DA NUTRIÇÃO|6|0|16
0|81515|CONTROLO DE GESTÃO AVANÇADO|6|0|16
0|18012|INGLÊS APLICADO À INFORMÁTICA|4|0|16
0|18029|PROJETO DE SISTEMAS DE PRODUÇÃO|6|0|16
0|40841|MARCA E IDENTIDADE|6|0|16
0|41710|METODOLOGIAS DE INVESTIGAÇÃO APLICADAS À GESTÃO|6|0|16
0|41724|SISTEMAS AVANÇADOS DE TRANSPORTES|6|0|16
0|41941|FÍSICA MODERNA|6|0|16
0|42120|BIOCATALISADORES|6|0|16
0|44552|CARTOGRAFIAS DOS ESTUDOS CULTURAIS|6|0|16
0|47054|COMUNICAÇÃO INSTITUCIONAL|4|0|16
0|81472|CONTABILIDADES SETORIAIS|4|0|16
0|90286|PROJETO EM SISTEMAS INTEGRADOS|6|0|16
0|40914|INVESTIGAÇÃO OPERACIONAL|6|0|16
0|41391|LÍNGUAS DE ESPECIALIDADE - ESTUDOS DE CASO|4|0|16
0|41685|BIOMONITORIZAÇÃO|6|0|16
0|41774|PROGRAMAÇÃO E ALGORITMOS EM CIÊNCIAS|6|0|16
0|41997|MODELAÇÃO DE SISTEMAS E CONTROLO|6|0|16
0|47020|ÁREA VOCACIONAL 3 (ANUAL)|36|0|16
0|18169|DESENHO DE CONSTRUÇÃO MECÂNICA|6|0|16
0|40929|SEMINÁRIO DE INVESTIGAÇÃO EM GERONTOLOGIA|12|0|16
0|43775|GEOMETRIA|6|0|16
0|45790|SIMULAÇÃO INDUSTRIAL|6|0|16
0|90297|PROJETO TEMÁTICO EM APLICAÇÕES SIG|6|0|16
0|90389|AUDITORIA NA ADMINISTRAÇÃO PÚBLICA|6|0|16
0|40764|ANATOMOFISIOLOGIA II|6|0|16
0|41887|PROJETO E FABRICO EM PRODUTO DIGITAL|6|0|16
0|44507|CULTURA PORTUGUESA II|6|0|16
0|47155|LABORATÓRIO QO-QF|6|0|16
0|47174|METABOLISMO SECUNDÁRIO|4|0|16
0|47636|INOVAÇÃO EM TURISMO|6|0|16
0|90345|PROJETO TEMÁTICO EM SISTEMAS AUTOMATIZADOS|6|0|16
0|99250|TÉCNICAS DE GESTÃO DE RECURSOS HUMANOS|6|0|16
0|40846|INTELIGÊNCIA ARTIFICIAL|6|0|16
0|47329|PORTUGUÊS AVANÇADO|6|0|16
0|47595|FUNDAÇÕES E ESTRUTURAS DE SUPORTE|6|0|16
0|48192|GOVERNAÇÃO AUTÁRQUICA E LIDERANÇA|6|0|16
0|81435|COMPLEMENTOS DE INFORMÁTICA ORGANIZACIONAL|6|0|16
0|81437|INTRODUÇÃO À CONTABILIDADE DE GESTÃO|6|0|16
0|82144|CONTROLO DE GESTÃO|6|0|16
0|90259|PROCESSOS TECNOLÓGICOS|4|0|16
0|90307|MARKETING DE RETALHO|6|0|16
0|90332|ANÁLISE E VISUALIZAÇÃO DE DADOS|6|0|16
0|18150|CONTROLO E ANÁLISE DE PROCESSOS|6|0|16
0|18183|PROGRAMAÇÃO ORIENTADA POR OBJETOS|6|0|16
0|40721|ECONOMIA DO TURISMO|6|0|16
0|41152|AGÊNCIA DE VIAGENS E OPERADORES TURÍSTICOS|6|0|16
0|81154|INOVAÇÃO E EMPREENDEDORISMO|6|0|16
0|90003|ALEMÃO - LÍNGUA|6|0|16
0|90116|MÁQUINAS TÉRMICAS E TRANSFERÊNCIA DE CALOR|3|0|16
0|40560|PRÁTICA DE INVESTIGAÇÃO I|6|0|16
0|41131|GESTÃO DE OPERAÇÕES EM SERVIÇOS|6|0|16
0|41716|MEDICINA DE SISTEMAS|6|0|16
0|47161|LABORATÓRIOS EQ1|6|0|16
0|47605|GEOQUÍMICA APLICADA|6|0|16
0|81547|TÉCNICAS DE ANÁLISE DE DADOS|6|0|16
0|90386|ANÁLISE E GESTÃO DE PROJETOS|6|0|16
0|18102|ELEMENTOS DE MATEMÁTICA E ESTATÍSTICA|6|0|16
0|40739|GRAMÁTICA E COMUNICAÇÃO II|8|0|16
0|42020|SEMINÁRIOS DE CIÊNCIAS DA REABILITAÇÃO|6|0|16
0|46410|TECNOLOGIA MECÂNICA II|6|0|16
0|46452|MAQUINAGEM AVANÇADA|6|0|16
0|46867|ÁRABE V - LÍNGUA E CULTURA|6|0|16
0|47795|SEMINÁRIO DE TEORIA E PRÁTICA ECONÓMICA|6|0|16
0|48084|NEUROCIÊNCIAS|6|0|16
0|90075|FRANCÊS - INICIAÇÃO|6|0|16
0|90384|GOVERNO LOCAL|6|0|16
0|40818|INTRODUÇÃO À TECNOLOGIA E SISTEMAS DE PRODUÇÃO|4|0|16
0|40964|FUNDAMENTOS E INTERVENÇÃO DE ENFERMAGEM NO TRABALHO|10|0|16
0|41310|NOVAS TENDÊNCIAS EM AUDITORIA|6|0|16
0|41352|PRINCÍPIOS BÁSICOS DE GESTÃO|6|0|16
0|47272|TEORIA POLÍTICA CONTEMPORÂNEA|6|0|16
0|90065|ESTATÍSTICA|6|0|16
0|18164|INTRODUÇÃO AO CIM|6|0|16
0|40726|INTRODUÇÃO À PATOLOGIA|4|0|16
0|41781|ANÁLISE E EXPLORAÇÃO DE VULNERABILIDADES|6|0|16
0|45945|EDUCAÇÃO E PROMOÇÃO DA SAÚDE EM FISIOTERAPIA|4|0|16
0|47857|CHINÊS - PROJECTO DE APLICAÇÃO|6|0|16
0|81553|COMPORTAMENTO DE CONSUMO|6|0|16
0|90050|ELECTROTECNICA APLICADA|3|0|16
0|18104|TÉCNICAS DE NEGOCIAÇÃO E VENDAS|6|0|16
0|18128|FINANÇAS PARA PME|6|0|16
0|18155|SISTEMAS DE GESTÃO DA QUALIDADE|6|0|16
0|40336|DESIGN PARA A INOVAÇÃO SOCIAL|6|0|16
0|46793|SEMINÁRIO DE MATEMÁTICA PARA PROFESSORES I|6|0|16
0|47078|DIREITO DO URBANISMO E AMBIENTE|6|0|16
0|82122|FINANÇAS INTERNACIONAIS|6|0|16
0|90403|MARKETING E COMUNICAÇÃO DIGITAIS|6|0|16
0|18116|PRINCIPIOS DE GESTÃO|6|0|16
0|41167|SÉRIES TEMPORAIS|6|0|16
0|41709|GESTÃO DO CONHECIMENTO E BUSINESS INTELLIGENCE|6|0|16
0|47132|INSTRUMENTAÇÃO ELECTRÓNICA PARA A FÍSICA|6|0|16
0|47166|MATEMÁTICA DISCRETA|6|0|16
0|90358|RESISTÊNCIA DOS MATERIAIS|3|0|16
0|18123|NEGÓCIOS NA WEB|6|0|16
0|40754|SISTEMAS DE INFORMAÇÃO NAS ORGANIZAÇÕES|6|0|16
0|41331|PATOLOGIA TERAPÊUTICA FARMACOLÓGICA|6|0|16
0|42019|MÉTODOS DE INVESTIGAÇÃO EM CIÊNCIAS DA SAÚDE|12|0|16
0|42552|INTRODUÇÃO À PROGRAMAÇÃO|6|0|16
0|46472|MECÂNICA DOS SOLOS I|6|0|16
0|81440|CONTABILIDADE DAS SOCIEDADES II|6|0|16
0|40742|TURISMO E TERRITÓRIO|6|0|16
0|40973|FARMACOLOGIA EM FISIOTERAPIA|6|0|16
0|47081|DIREITO PÚBLICO|6|0|16
0|47631|INGLÊS - PROJECTO DE APLICAÇÃO|6|0|16
0|81434|INTRODUÇÃO AO DIREITO DAS EMPRESAS|6|0|16
0|84319|PROGRAMAÇÃO WEB|6|0|16
0|90375|FERRAMENTAS INFORMÁTICAS PARA GESTÃO|6|0|16
0|41948|ARQUITETURA DE COMPUTADORES I|6|0|16
0|42601|INGLÊS I|6|0|16
0|45658|EUROPA E POLÍTICAS DE POPULAÇÃO|6|0|16
0|47816|SOCIOLOGIA DAS ORGANIZAÇÕES EDUCATIVAS|6|0|16
0|90034|CONTABILIDADE E CONTROLO DE GESTÃO|6|0|16
0|90400|INGLÊS APLICADO À GESTÃO COMERCIAL|6|0|16
0|18063|DESENHO DE MOLDES|6|0|16
0|40561|PSICOPATOLOGIA I: CRIANÇA E ADOLESCENTE|6|0|16
0|41392|TEORIAS DA TRADUÇÃO ESPECIALIZADA|4|0|16
0|41568|INTRODUÇÃO À ESTATÍSTICA BIOMÉDICA|4|0|16
0|41683|ANÁLISE DE RISCO ECOLÓGICO E LEGISLAÇÃO|6|0|16
0|41876|SISTEMAS INTELIGENTES I|6|0|16
0|42223|GEOLOGIA ESTRUTURAL|6|0|16
0|43369|ESTRATÉGIA E GOVERNABILIDADE EMPRESARIAL NA CHINA|8|0|16
0|90378|SISTEMAS DE INFORMAÇÃO ORGANIZACIONAIS|6|0|16
0|90416|SEMINÁRIO I|6|0|16
0|18143|PROJETO INTEGRADO EM INSTALAÇÕES ELÉTRICAS|6|0|16
0|41165|ESTATÍSTICA COMPUTACIONAL E SIMULAÇÃO|6|0|16
0|41347|ORGANIZAÇÃO DO SISTEMA DE SAÚDE|6|0|16
0|41943|MATERIAIS EM ENGENHARIA BIOMÉDICA|6|0|16
0|42280|FUNDAMENTOS DE CIÊNCIA DE DADOS|6|0|16
0|47008|ANÁLISE E TEORIA DA MÚSICA TONAL A|4|0|16
0|90336|INTELIGÊNCIA ARTIFICIAL APLICADA|6|0|16
0|90387|CONTABILIDADE E CONTROLO DE GESTÃO NO SETOR PÚBLICO|6|0|16
0|18098|PROCESSOS DE FABRICO|6|0|16
0|40432|SISTEMAS MULTIMÉDIA|6|0|16
0|40718|DIDÁTICA DAS CIÊNCIAS NATURAIS E SOCIAIS NOS PRIMEIROS ANOS|6|0|16
0|40771|LABORATÓRIOS AVANÇADOS DE ENGENHARIA BIOMÉDICA|12|0|16
0|41212|MÉTODOS DE AVALIAÇÃO E DIAGNÓSTICO|8|0|16
0|44855|PROJECTO DE DESENVOLVIMENTO DE PRODUTO I|10|0|16
0|45650|SISTEMA POLÍTICO PORTUGUÊS EM PERSPECTIVA COMPARADA|6|0|16
0|47090|ENGENHARIA BIOQUÍMICA I|6|0|16
0|47152|LABORATÓRIO Q4|6|0|16
0|40607|PETROLOGIA|6|0|16
0|40751|ALGORITMOS AVANÇADOS|6|0|16
0|41014|SOCIOLOGIA DA EDUCAÇÃO E DA ESCOLA|6|0|16
0|41214|MODELOS DE PRODUÇÃO E PERCEPÇÃO DA FALA|6|0|16
0|42509|SISTEMAS DE OPERAÇÃO|6|0|16
0|47017|AQUECIMENTO, VENTILAÇÃO E AR CONDICIONADO|6|0|16
0|48031|INGLÊS|6|0|16
0|99256|PORTUGUÊS I|6|0|16
0|45156|AQUISIÇÃO E DESENVOLVIMENTO DA LINGUAGEM|6|0|16
0|48092|CIDADANIA E PLURALISMO NAS POLÍTICAS SOCIAIS|6|0|16
0|81124|RELATO NÃO FINANCEIRO|6|0|16
0|81468|CONTABILIDADE DAS SOCIEDADES II|6|0|16
0|90131|NOÇÕES DE DIREITO EMPRESARIAL|6|0|16
0|17556|MARKETING E PROMOÇÃO TURÍSTICA|6|0|16
0|18141|AUTOMAÇÃO INDUSTRIAL|6|0|16
0|40836|PROJECTO DE SISTEMAS DE PRODUÇÃO I|10|0|16
0|41251|ECONOMETRIA II|6|0|16
0|41905|FABRICO DIGITAL DIRETO|12|0|16
0|42057|PROJETO EM MÁQUINAS E ESTRUTURAS|9|0|16
0|42069|ANTEPROJETO EM ENGENHARIA QUÍMICA E PETROQUÍMICA|12|0|16
0|43349|DIDÁCTICA DA LÍNGUA PORTUGUESA|6|0|16
0|45528|COMPLEMENTOS DE CONSTRUÇÃO METÁLICA E MISTA|6|0|16
0|45610|BIOQUÍMICA E QUÍMICA DOS ALIMENTOS|6|0|16
0|47666|MARKETING ESTRATÉGICO DE DESTINOS TURÍSTICOS|6|0|16
0|81550|PLANEAMENTO DE MARKETING E NEGÓCIOS|6|0|16
0|86400|AUDITORIA DE SISTEMAS DE INFORMAÇÃO ORGANIZACIONAIS|6|0|16
0|90215|ESTUDOS DE MERCADO|6|0|16
0|18144|APARELHAGEM E MEDIDAS ELÉTRICAS|6|0|16
0|40677|CURRÍCULO, TECNOLOGIA E DIDÁTICA DE LÍNGUAS|8|0|16
0|41169|SEMINÁRIO EM MATEMÁTICA E APLICAÇÕES|6|0|16
0|41283|INTERVENÇÃO EM FISIOTERAPIA III|8|0|16
0|47586|FERRAMENTAS TECNOLÓGICAS DE APOIO À TRADUÇÃO|8|0|16
0|48836|INTERVENÇÃO EM CONDIÇÕES RESPIRATÓRIAS CRÓNICAS|6|0|16
0|90229|EMPREENDEDORISMO E INOVAÇÃO|6|0|16
0|40335|FUNDAMENTOS DE ECOLOGIA|6|0|16
0|40384|INTRODUÇÃO À ENGENHARIA DE SOFTWARE|6|0|16
0|41794|ENGENHARIA REVERSA|6|0|16
0|47727|PATOLOGIA DAS CONSTRUÇÕES|6|0|16
0|48062|BIOLOGIA DO DESENVOLVIMENTO|6|0|16
0|90258|PROJETO TEMÁTICO EM PROCESSOS DE FABRICO|6|0|16
0|90391|ELETRÓNICA|3|0|16
0|17564|COMUNICAÇÃO ORGANIZACIONAL|6|0|16
0|18087|PROJETO EM PROGRAMAÇÃO DE SISTEMAS DE INFORMAÇÃO|6|0|16
0|40982|LABORATÓRIO MULTIMÉDIA 3|10|0|16
0|41474|TÉCNICAS MATEMÁTICAS PARA BIG DATA|6|0|16
0|41911|SEMINÁRIOS TECNOLÓGICOS|6|0|16
0|41975|PRÁTICAS DE TECNOLOGIA DE MATERIAIS II|6|0|16
0|44405|LITERATURA ALEMÃ I|6|0|16
0|18108|COMPORTAMENTO HUMANO NAS ORGANIZAÇÕES|6|0|16
0|40500|ENGENHARIA DE SISTEMAS DE TRATAMENTO II|6|0|16
0|40553|PSICOLOGIA DO DESENVOLVIMENTO I: CRIANÇA E ADOLESCENTE|6|0|16
0|42447|GUIONISMO|4|0|16
0|90376|GESTÃO DE SERVIÇOS PÚBLICOS|6|0|16
0|18033|APLICAÇÕES INFORMÁTICAS|6|0|16
0|42428|MULTIMÉDIA I|6|0|16
0|46453|BIOMECÂNICA|6|0|16
0|81448|INTRODUÇÃO AOS MÉTODOS QUANTITATIVOS|6|0|16
0|90277|FERRAMENTAS DA QUALIDADE|6|0|16
0|90372|ECONOMIA I|6|0|16
0|81551|PROJETO PROFISSIONAL|18|0|16
0|41147|MINERAIS INDUSTRIAIS E RECURSOS ENERGÉTICOS|6|0|16
0|41985|ASTRONOMIA E ASTROFÍSICA|6|0|16
0|42059|SEMINÁRIOS EM ENGENHARIA MECÂNICA|6|0|16
0|44352|TEMAS DE LITERATURA INGLESA|6|0|16
0|47056|CONTABILIDADE PÚBLICA E AVALIAÇÃO FINANCEIRA|6|0|16
0|47446|ESPANHOL - PRÁTICAS DE TRADUÇÃO I|6|0|16
0|81517|METODOLOGIAS E TÉCNICAS DE INVESTIGAÇÃO EM CIÊNCIAS SOCIAIS|6|0|16
0|18070|TECNOLOGIAS WEB|6|0|16
0|18080|ALGORITMIA E PROGRAMAÇÃO|6|0|16
0|40956|EDUCAÇÃO CLINICA EM TERAPIA DA FALA III|30|0|16
0|42241|CARTOGRAFIA E TOPOGRAFIA|6|0|16
0|43209|ORGANIZAÇÃO E GESTÃO EM IMAGIOLOGIA|6|0|16
0|47164|LINGUÍSTICA TEXTUAL|6|0|16
0|90162|SEMICONDUTORES - DISPOSITIVOS E APLICAÇÕES|3|0|16
0|90409|INTEGRAÇÃO DE SISTEMAS DE GESTÃO|6|0|16
0|17568|PROJETO DE INFORMÁTICA E COMUNICAÇÃO ORGANIZACIONAL|6|0|16
0|18106|DIREITO EMPRESARIAL|6|0|16
0|18134|INOVAÇÃO E INTERNACIONALIZAÇÃO|6|0|16
0|40734|TEMAS DE LITERATURAS DE LÍNGUA PORTUGUESA|8|0|16
0|41305|LABORATÓRIO DE CIÊNCIAS DE ENGENHARIA QUÍMICA|6|0|16
0|41755|GARANTIA DA QUALIDADE E CONTROLO DA SOLDADURA|6|0|16
0|42298|FABRICO ADITIVO E IMPRESSÃO 3D|0|0|16
0|81436|DIREITO COMERCIAL E DAS SOCIEDADES|6|0|16
0|90161|SEGURANÇA INFORMÁTICA|6|0|16
0|90348|ELETROMAGNETISMO APLICADO|6|0|16
0|40339|FUNDAMENTOS DE POLÍTICAS PÚBLICAS|9|0|16
0|41233|NOVAS FORMAS DE NEGÓCIO|6|0|16
0|42153|PROJETO DE PRODUÇÃO DE AUDIOVISUAL PARA NOVOS MÉDIA|10|0|16
0|47088|ELEMENTOS DE TOPOLOGIA|6|0|16
0|90190|ELEMENTOS DE MATEMÁTICA|6|0|16
0|18021|DESENHO TÉCNICO|6|0|16
0|40519|BIOESTATÍSTICA E ESTUDO DAS POPULAÇÕES|4|0|16
0|41657|SEMIÓTICA DOS ARTEFACTOS|4|0|16
0|43245|GEOMETRIA COMBINATÓRIA|3|0|16
0|45301|INTRODUÇÃO ÀS METODOLOGIAS DAS CIÊNCIAS SOCIAIS|6|0|16
0|45926|DIDÁCTICA E DESENVOLVIMENTO CURRICULAR DA BIOLOGIA E GEOLOGIA I|6|0|16
0|47070|DESENHO E REPRESENTAÇÃO I|10|0|16
0|47646|INTRODUÇÃO AO PROJECTO MECÂNICO|6|0|16
0|47693|MÉTODOS EXPERIMENTAIS EM ENERGIA|6|0|16
0|90261|PROJETO TEMÁTICO EM SISTEMAS TÉRMICOS|6|0|16
0|90334|TECNOLOGIAS DE APLICAÇÕES MULTIPLATAFORMA|6|0|16
0|18084|APLICAÇÕES E SERVIÇOS NA WEB|8|0|16
0|40958|REPROGRAFIA|6|0|16
0|41318|PROJECTO EM DESIGN DE PRODUTO III|4|0|16
0|41560|CIÊNCIA E TRANSLAÇÃO DO CONHECIMENTO|12|0|16
0|41717|MECÂNICA QUÂNTICA|6|0|16
0|42144|INTERFACES AVANÇADAS|6|0|16
0|43719|INSTRUMENTAÇÃO E CONTROLO AUTOMÁTICO|6|0|16
0|45591|ESTRUTURAS DE EDIFÍCIOS|6|0|16
0|47205|POLÍTICAS DE GESTÃO DE RECURSOS HUMANOS|6|0|16
0|47525|DESENVOLVIMENTO DE NOVOS PRODUTOS|6|0|16
0|90251|CONCEÇÃO DE INSTALAÇÕES ELÉTRICAS|3|0|16
0|90272|GESTÃO DA QUALIDADE I|6|0|16
0|90415|OTIMIZAÇÃO DE PROCESSOS|6|0|16
0|18148|GESTÃO E PLANEAMENTO DA PRODUÇÃO I|6|0|16
0|41020|SEMINÁRIO DE ENGENHARIA COMPUTACIONAL|6|0|16
0|47261|TECNOLOGIA E SISTEMAS DE INFORMAÇÃO EM GESTÃO|6|0|16
0|47318|GESTÃO E ORGANIZAÇÃO INDUSTRIAL|4|0|16
0|81484|SEMINÁRIOS|6|0|16
0|82152|GESTÃO ESTRATÉGICA DA MARCA|6|0|16
0|90267|GEOMARKETING|6|0|16
0|18031|SISTEMAS AUTOMÁTICOS DE PRODUÇÃO|6|0|16
0|18088|REDES DE COMPUTADORES E SISTEMAS OPERATIVOS|6|0|16
0|40896|MICROBIOLOGIA APLICADA E AMBIENTAL|6|0|16
0|41289|BIOQUÍMICA APLICADA|6|0|16
0|41298|MATEMÁTICA II|6|0|16
0|41490|GESTÃO DE PROJECTOS EMPREENDEDORISMO|6|0|16
0|41867|ANÁLISE AVANÇADA DE DADOS|6|0|16
0|41245|ECONOMIA INTERNACIONAL|6|0|16
0|41420|SISTEMAS DE INFORMAÇÃO E CONHECIMENTO NAS ORGANIZAÇÕES|6|0|16
0|41768|PROJETO DE CONSTRUÇÕES SOLDADAS|6|0|16
0|41877|SISTEMAS INTELIGENTES II|6|0|16
0|41944|MATERIAIS DE CONSTRUÇÃO II|4|0|16
0|42006|SEMINÁRIO DE ORIENTAÇÃO EM CIÊNCIAS DA LINGUAGEM|6|0|16
0|42030|METODOLOGIAS DE REABILITAÇÃO DO PATRIMÓNIO|6|0|16
0|43231|EQUAÇÕES DIFERENCIAIS COM SIMETRIA|6|0|16
0|46504|TECNOLOGIAS DE ACCIONAMENTO E COMANDO|6|0|16
0|46814|CHINÊS II|6|0|16
0|47977|COMUNICAÇÕES SEM FIOS|6|0|16
0|81545|CONTEÚDOS E MULTIMÉDIA|6|0|16
0|90392|INTRODUÇÃO ÀS TECNOLOGIAS WEB|4|0|16
0|42709|ÁLGEBRA LINEAR E GEOMETRIA ANALÍTICA|6|0|16
0|47276|TERRITÓRIO E POPULAÇÃO|6|0|16
0|40192|SIMULAÇÃO APLICADA|6|0|16
0|40735|GRAMÁTICA E COMUNICAÇÃO I|8|0|16
0|40983|LABORATÓRIO MULTIMÉDIA 4|10|0|16
0|42898|QUÍMICA INDUSTRIAL ORGÂNICA|6|0|16
0|44271|TEORIA E METODOLOGIA DA TRADUÇÃO I|6|0|16
0|44523|LITERATURA PORTUGUESA I|6|0|16
0|46441|LABORATÓRIO DE INTERNACIONALIZAÇÃO EM TURISMO|6|0|16
0|47654|LEGISLAÇÃO E DIRECÇÃO DE OBRAS|6|0|16
0|81552|SEMINÁRIOS DE MARKETING|6|0|16
0|90282|CUSTOS DA QUALIDADE|6|0|16
0|90346|AUTOMATIZAÇÃO DE PROCESSOS|4|0|16
0|17563|CONTEÚDOS E NEGÓCIOS NA WEB|6|0|16
0|40437|ALGORITMOS E ESTRUTURAS DE DADOS|6|0|16
0|40752|TEORIA ALGORÍTMICA DA INFORMAÇÃO|6|0|16
0|41608|ROTAÇÕES LABORATORIAIS/ESTÁGIO|6|0|16
0|46710|PSICOLOGIA DA EDUCAÇÃO I|12|0|16
0|18017|APLICAÇÕES INFORMÁTICAS|6|0|16
0|40673|LITERACIA CIENTÍFICA E NUMERACIA|6|0|16
0|42010|LINGUAGEM LÍNGUAS E COMUNICAÇÃO|6|0|16
0|18081|INTRODUÇÃO ÀS LINGUAGENS E TECNOLOGIAS WEB|6|0|16
0|40399|BIOLOGIA HUMANA E SAÚDE|6|0|16
0|40655|TEORIAS E PRÁTICAS DE EDUCAÇÃO|8|0|16
0|41584|FISIOLOGIA CELULAR HUMANA|6|0|16
0|41618|GESTÃO E INOVAÇÃO EM SAÚDE|6|0|16
0|47709|MÚSICA DE CONJUNTO I|6|0|16
0|47996|SOCIOLOGIA DA ARTE|6|0|16
0|48196|PROJECTO DE DISSERTAÇÃO|12|0|16
0|90278|NORMAS E SISTEMAS DE GESTÃO|6|0|16
0|17562|DESENHO DE SISTEMAS E BASES DE DADOS|6|0|16
0|18066|PROJETO ASSISTIDO POR COMPUTADOR|6|0|16
0|18067|PROJETO DE MOLDES|6|0|16
0|18187|PROCESSOS DE CONFORMAÇÃO PLÁSTICA E DE SOLDADURA|6|0|16
0|41906|TRANSFORMAÇÃO DIGITAL|12|0|16
0|46487|TERMODINÂMICA APLICADA|6|0|16
0|81423|ANÁLISE DE DADOS EM MARKETING|8|0|16
0|81487|AVALIAÇÃO E DESEMPENHO EMPRESARIAL|6|0|16
0|81548|MÉTRICAS DE MARKETING E FINANÇAS|6|0|16
0|90095|INGLÊS - LÍNGUA E CULTURA ORGANIZACIONAL|6|0|16
0|90122|MATEMÁTICA APLICADA ÀS TECNOLOGIAS DA INFORMAÇÃO|6|0|16
0|41231|INTERAÇÃO MULTIMODAL|6|0|16
0|42005|MULTICULTURALISMO NA EDUCAÇÃO|6|0|16
0|46845|CHINÊS III|6|0|16
0|18014|PROJETO INTEGRADO EM REDES E SISTEMAS INFORMÁTICOS|6|0|16
0|18030|ROBÓTICA EM SISTEMAS DE PRODUÇÃO|6|0|16
0|18091|ELEMENTOS DE FÍSICA E QUÍMICA|6|0|16
0|18094|TÉCNICAS DE INSTRUMENTAÇÃO E MEDIDAS|6|0|16
0|18111|VENDAS E COMUNICAÇÃO NA INTERNET|6|0|16
0|18153|DESENVOLVIMENTO DE PROCESSOS|6|0|16
0|18157|PROJETO EM GESTÃO DE PROCESSOS INDUSTRIAIS|6|0|16
0|41338|ENFERMAGEM PSIQUIÁTRICA|4|0|16
0|41529|SISTEMAS INTELIGENTES|6|0|16
0|41559|MÉTODOS NUMÉRICOS|6|0|16
0|41576|LABORATÓRIOS DE BIOMEDICINA 3|4|0|16
0|41919|SISTEMAS DE INFORMAÇÃO GEOGRÁFICA PARA CIÊNCIAS SOCIAIS|6|0|16
0|42038|INTRODUÇÃO À ENGENHARIA CIVIL|2|0|16
0|44313|CULTURA INGLESA I|6|0|16
0|45906|CONTEXTOS CLÍNICOS EM FISIOTERAPIA|6|0|16
0|47365|EVOLUÇÃO BIOLÓGICA E MOLECULAR|6|0|16
0|90361|SISTEMAS TÉRMICOS|6|0|16
0|40986|INTERACÇÃO E INTERFACES|4|0|16
0|41749|PRÁTICA DE SOLDADURA|6|0|16
0|43447|SISTEMAS FLEXÍVEIS DE PRODUÇÃO|6|0|16
0|44168|MONITORIZAÇÃO E OBSERVAÇÃO DE OBRAS|6|0|16
0|45510|INFRAESTRUTURAS URBANAS|6|0|16
0|45857|PSICOLOGIA DO BEM-ESTAR PESSOAL|6|0|16
0|90287|METROLOGIA|6|0|16
0|41348|ASSUNTOS REGULAMENTARES E SEGURANÇA|6|0|16
0|41803|PROJETOS DE INTERVENÇÃO EDUCACIONAL III|10|0|16
0|42114|ORNITOLOGIA|6|0|16
0|43279|PROBABILIDADES|8|0|16
0|46716|FORMAÇÃO AUDITIVA C|4|0|16
0|47019|ÁREA VOCACIONAL 2 (ANUAL)|20|0|16
0|81445|ÉTICA E DEONTOLOGIA|4|0|16
0|90383|CONTABILIDADE PÚBLICA|6|0|16
0|90395|METODOLOGIAS E GESTÃO DE PROJETOS|4|0|16
0|40131|PSICOLOGIA RELACIONAL|4|0|16
0|40628|OBSERVAÇÃO E AVALIAÇÃO DE PRÁTICAS EDUCATIVAS|6|0|16
0|40649|INVESTIGAÇÃO EM IMAGEM MÉDICA E RADIOTERAPIA|4|0|16
0|40935|ÁLGEBRA LINEAR I|8|0|16
0|41890|LABORATÓRIOS DE MANUFATURA ADITIVA|6|0|16
0|44263|LITERACIAS: LITERATURAS E LÍNGUAS|6|0|16
0|44852|TECNOLOGIAS E PROCESSOS DE FABRICO|6|0|16
0|46662|TIC E EDUCAÇÃO EM LÍNGUAS|4|0|16
0|48210|PREPARAÇÃO DO PROJECTO DE TESE I|6|0|16
0|89096|FINANÇAS EMPRESARIAIS II|6|0|16
0|18015|SEGURANÇA EM REDES E SISTEMAS INFORMÁTICOS|6|0|16
0|18142|PROJETO INTEGRADO EM AUTOMAÇÃO INDUSTRIAL|6|0|16
0|40611|ORGANIZAÇÃO E GESTÃO ESCOLAR|6|0|16
0|90306|DESENVOLVIMENTO DE APLICAÇÕES PARA DISPOSITIVOS MÓVEIS|6|0|16
0|17566|SISTEMAS DE GESTÃO EMPRESARIAL|6|0|16
0|18041|INGLÊS TÉCNICO|6|0|16
0|40756|GESTÃO DE INFRAESTRUTURAS DE COMPUTAÇÃO|6|0|16
0|41408|ETNOMUSICOLOGIA|6|0|16
0|46443|METODOLOGIAS DE INVESTIGAÇÃO EM TURISMO|6|0|16
0|47208|PROBLEMAS SOCIAIS CONTEMPORÂNEOS|6|0|16
0|47884|GESTÃO DA QUALIDADE EM SERVIÇOS|6|0|16
0|48835|INTERVENÇÃO EM CONDIÇÕES RESPIRATÓRIAS AGUDAS|6|0|16
0|90341|CIRCUITOS ELÉTRICOS|3|0|16
0|90411|MÉTODOS ESTATÍSTICOS PARA A QUALIDADE|6|0|16
0|99255|APLICAÇÕES DE ESCRITÓRIO ELETRÓNICO II|6|0|16
0|40547|AVALIAÇÃO E INTERVENÇÃO PSICOLÓGICA COM ADULTOS E IDOSOS|6|0|16
0|41018|SEMINÁRIO EM ENGENHARIA DO AMBIENTE|6|0|16
0|41566|FUNDAMENTOS DE QUÍMICA PARA A BIOMEDICINA|6|0|16
0|41580|BIOMEDICINA MOLECULAR|4|0|16
0|42042|PLANEAMENTO TERRITORIAL E URBANO|4|0|16
0|42581|PSICOTERAPIAS COGNITIVO-COMPORTAMENTAIS|6|0|16
0|47141|INTRODUÇÃO À PSICOLOGIA|6|0|16
0|47817|SOCIOLOGIA E ECONOMIA DO DESENVOLVIMENTO SUSTENTÁVEL|6|0|16
0|47946|MULTIMÉDIA EDITORIAL II|8|0|16
0|81476|FINANÇAS I|6|0|16
0|40016|MARKETING EM TURISMO|6|0|16
0|41274|METODOLOGIAS DE AVALIAÇÃO EM FISIOTERAPIA|8|0|16
0|42894|ENGENHARIA DAS REACÇÕES QUÍMICAS I|6|0|16
0|81442|COMPLEMENTOS DE CONTABILIDADE DE GESTÃO|6|0|16
0|41328|SAÚDE COMUNITÁRIA E ECOLOGIA|4|0|16
0|41405|ELETRÓNICA DIGITAL|6|0|16
0|44520|TEORIA DA LITERATURA|6|0|16
0|45706|GESTÃO DE RECURSOS HUMANOS|6|0|16
0|81481|MATEMÁTICA FINANCEIRA|6|0|16
0|90394|MATEMÁTICA|6|0|16
0|18163|LABORATÓRIO DE AUTOMAÇÃO|6|0|16
0|41205|INSTRUMENTAÇÃO|6|0|16
0|42729|CÁLCULO II|6|0|16
0|46425|FÍSICA DOS EDIFÍCIOS|6|0|16
0|99246|PROJETO TEMÁTICO EM AUTOMAÇÃO INDUSTRIAL|6|0|16
0|40821|MECÂNICA II|6|0|16
0|40831|ROBÓTICA E MANIPULADORES|6|0|16
0|41139|COMPETÊNCIAS TRANSFERÍVEIS EM CIÊNCIAS DA VIDA|6|0|16
0|41882|MODELAÇÃO DIRETA E PARAMÉTRICA|6|0|16
0|42713|PROBABILIDADE E ESTATÍSTICA|6|0|16
0|45797|TEORIA DA CONTABILIDADE|6|0|16
0|88988|MARKETING INTERNACIONAL|6|0|16
0|18146|ELEMENTOS DE MATEMÁTICA E ESTATÍSTICA|6|0|16
0|40716|MATEMÁTICA COMPLEMENTAR II|8|0|16
0|40793|DEGRADAÇÃO E PROTEÇÃO DE MATERIAIS|6|0|16
0|40975|SEMINÁRIOS EM FISIOTERAPIA|18|0|16
0|41335|ENFERMAGEM DO ADULTO E DO IDOSO II|8|0|16
0|42301|MOBILIDADE SUSTENTÁVEL|0|0|16
0|47484|BIOPROCESSAMENTO DE RECURSOS RENOVÁVEIS|6|0|16
0|47877|GESTÃO DE CARTEIRAS DE INVESTIMENTOS|6|0|16
0|47934|HISTÓRIA E CULTURA DO LIVRO|8|0|16
0|40712|DIDÁTICA DA LÍNGUA PORTUGUESA NO 1º CICLO ENSINO BÁSICO|6|0|16
0|42104|SEMINÁRIO|6|0|16
0|42150|PRODUÇÃO E REALIZAÇÃO AUDIOVISUAL|10|0|16
0|47644|INTRODUÇÃO À ENGENHARIA BIOMÉDICA|6|0|16
0|48108|TENDÊNCIAS E MODELOS DE GOVERNAÇÃO LOCAL|6|0|16
0|81438|COMPLEMENTOS DE CONTABILIDADE FINANCEIRA|6|0|16
0|90078|FRANCÊS TÉCNICO|6|0|16
0|41491|SISTEMAS DE COMUNICAÇÃO|6|0|16
0|42443|SISTEMAS DE COMUNICAÇÃO MULTIMÉDIA 1|6|0|16
0|46445|MECÂNICA COMPUTACIONAL|6|0|16
0|47880|PESQUISA DE MARKETING|6|0|16
0|81459|FINANÇAS EMPRESARIAIS I|6|0|16
0|90196|GESTÃO DE PROJECTOS|6|0|16
0|90405|COMPORTAMENTO E LIDERANÇA NAS ORGANIZAÇÕES|6|0|16
0|18190|PROJETO EM MAQUINAÇÃO|6|0|16
0|41594|COMUNICAÇÕES ÓPTICAS|6|0|16
0|41949|REDES DE COMUNICAÇÕES II|6|0|16
0|42604|FRANCÊS II|6|0|16
0|44703|LÍNGUA LATINA III|6|0|16
0|46420|MATERIAIS DE CONSTRUÇÃO I|6|0|16
0|40853|HIDROMORFOLOGIA DAS MARGENS COSTEIRAS|6|0|16
0|41207|ECONOMIA I|6|0|16
0|41248|ECONOMETRIA I|6|0|16
0|41752|CARACTERIZAÇÃO DE MATERIAIS|6|0|16
0|81474|SIMULAÇÃO EMPRESARIAL|22|0|16
0|90225|INVESTIGAÇÃO OPERACIONAL|6|0|16
0|99248|HIDRÁULICA E PNEUMÁTICA|3|0|16
0|18107|MERCHANDISING E GESTÃO DO PONTO DE VENDA|6|0|16
0|40847|ENGENHARIA DE PROCESSOS EM SERVIÇOS|6|0|16
0|40950|CONTABILIDADE E INFORMAÇÃO FINANCEIRA|6|0|16
0|40965|PERTURBAÇÕES DA LINGUAGEM PRIMÁRIAS: DA AVALIAÇÃO À INTERVENÇÃO DIFERENCIADA|6|0|16
0|41482|CAMPO ELETROMAGNÉTICO|6|0|16
0|41684|TOXICOLOGIA E ECOTOXICOLOGIA|6|0|16
0|41693|BIOLOGIA E ECOLOGIA DAS ALTERAÇÕES GLOBAIS NO MEIO MARINHO|6|0|16
0|41995|DESENHO TÉCNICO POR COMPUTADOR I|4|0|16
0|42031|REABILITAÇÃO DE ESTRUTURAS DE BETÃO ARMADO|6|0|16
0|42099|INOVAÇÃO SOCIAL E DESENVOLVIMENTO|6|0|16
0|42133|TÉCNICAS DE CARACTERIZAÇÃO DE ESTRUTURAS|6|0|16
0|42186|TÓPICOS EM ENGENHARIA COMPUTACIONAL II|6|0|16
0|43371|A CHINA E A ECONOMIA MUNDIAL|8|0|16
0|43501|QUÍMICA BIORGÂNICA|6|0|16
0|46040|PORTUGUÊS, LÍNGUA ESTRANGEIRA (PLE) - OFICINA DE ESCRITA|6|0|16
0|47010|ANÁLISE ESTATÍSTICA DE DADOS|6|0|16
0|47255|SUSTENTABILIDADE AMBIENTAL|6|0|16
0|47583|EXPLORAÇÃO DE DEPÓSITOS MINERAIS|6|0|16
0|89124|ESTATÍSTICA|6|0|16
0|90164|SISTEMAS DE BASES DE DADOS|6|0|16
0|90299|DESENVOLVIMENTO WEB MULTIPLATAFORMA|6|0|16
0|99254|APLICAÇÕES DE ESCRITÓRIO ELETRÓNICO I|6|0|16
0|40633|FINANÇAS APLICADAS|6|0|16
0|40990|FUNDAMENTOS DE GESTÃO DE OPERAÇÕES|6|0|16
0|41502|MICROELETRÓNICA|6|0|16
0|41707|ELECTROMAGNETISMO|6|0|16
0|90338|TESTES DE SOFTWARE|6|0|16
0|40881|INVESTIGAÇÃO AVANÇADA|6|0|16
0|41415|SEMINÁRIO EM CIÊNCIAS ECONÓMICAS E EMPRESARIAIS II|6|0|16
0|41750|LABORATÓRIOS DE SOLDADURA E INSPEÇÃO|6|0|16
0|43711|PROSPECÇÃO GEOFÍSICA|6|0|16
0|46851|LITERATURA ESPANHOLA I|6|0|16
0|47281|CULTURA ESPANHOLA I|6|0|16
0|48065|BIODIVERSIDADE E ECOLOGIA|6|0|16
0|48832|TERAPIA MANUAL|6|0|16
0|90071|FINANÇAS PÚBLICAS E LOCAIS|6|0|16
0|90354|MICROCONTROLADORES E SISTEMAS DIGITAIS|3|0|16
0|40713|DIDÁCTICA DE ESTUDO DO MEIO|4|0|16
0|40822|MODELAÇÃO|6|0|16
0|47189|MÚSICA NA HISTÓRIA E NA CULTURA C|6|0|16
0|47254|SOCIOLOGIA POLÍTICA|6|0|16
0|81125|CONTABILIDADE FINANCEIRA|6|0|16
0|90390|ELETROTECNIA APLICADA|4|0|16
0|90414|MODELOS DE EXCELÊNCIA|6|0|16
0|99251|GESTÃO DOCUMENTAL|6|0|16
0|18099|AUTOMAÇÃO|6|0|16
0|40344|FORMULAÇÃO, EXECUÇÃO E AVALIAÇÃO DE POLITICAS PÚBLICAS|9|0|16
0|40351|ECOLOGIA MARINHA E ESTUARINA|6|0|16
0|40768|LABORATÓRIOS DE ENGENHARIA BIOMÉDICA II|6|0|16
0|41243|MICROECONOMIA II|6|0|16
0|42023|TÓPICOS AVANÇADOS EM REABILITAÇÃO II|6|0|16
0|43137|ANÁLISE PAISAGÍSTICA|6|0|16
0|44408|CULTURA ALEMÃ I|6|0|16
0|45733|GESTÃO INTEGRADA DE PROJECTOS|6|0|16
0|45746|GESTÃO DA INFORMAÇÃO|6|0|16
0|47442|INGLÊS - PRÁTICAS DE TRADUÇÃO I|6|0|16
0|47853|TURISMO E DESENVOLVIMENTO ECONÓMICO|6|0|16
0|48070|FISIOLOGIA E GENÉTICA MICROBIANA|6|0|16
0|48094|EUROPEIZAÇÃO DE SISTEMAS POLÍTICOS|6|0|16
0|48125|OFICINA DE ESCRITA CIENTÍFICA|6|0|16
0|90223|COMÉRCIO INTERNACIONAL|6|0|16
0|40642|MODALIDADES IMAGIOLÓGICAS II|8|0|16
0|40820|ELETRICIDADE E ELETRÓNICA INDUSTRIAL|6|0|16
0|41461|PRÁTICA TRANSLACIONAL EM TERAPIA DA FALA|6|0|16
0|41763|INSTRUMENTOS DE AVALIAÇÃO PARA AS CIÊNCIAS DA SAÚDE|6|0|16
0|42025|CRITÉRIOS DE INTERVENÇÃO NO PATRIMÓNIO|6|0|16
0|45656|TEORIA E HISTÓRIA DA INTEGRAÇÃO EUROPEIA E REGIONAL|6|0|16
0|45708|GESTÃO HOTELEIRA|6|0|16
0|46494|CONSTRUÇÃO EM MADEIRA|6|0|16
0|47705|MODELOS E PROCESSOS DE NEGÓCIOS|6|0|16
0|90005|ALEMÃO TÉCNICO|6|0|16
0|90248|MÁQUINAS ELÉTRICAS, ACIONAMENTOS E PROTEÇÕES|3|0|16
0|90335|TECNOLOGIAS DE COMUNICAÇÃO PARA  A INTERNET DAS COISAS|6|0|16
0|90382|GOVERNO ELETRÓNICO|6|0|16
0|18145|PROGRAMAÇÃO ORIENTADA  A OBJETOS|6|0|16
0|18167|LABORATÓRIO DE AUTOMAÇÃO ROBÓTICA E INFORMÁTICA INDUSTRIAL|6|0|16
0|40501|METABOLISMO URBANO|6|0|16
0|40619|DIDÁTICA DA MATEMÁTICA NOS PRIMEIROS ANOS|6|0|16
0|41006|MODELAÇÃO E DESEMPENHO DE REDES E SERVIÇOS|6|0|16
0|41308|METODOLOGIAS DE INVESTIGAÇÃO EM CIÊNCIAS EMPRESARIAIS|6|0|16
0|41492|ENGENHARIA DE SOFTWARE|6|0|16
0|41726|VEÍCULOS AUTÓNOMOS|6|0|16
0|42034|PROJETO DE REABILITAÇÃO DO PATRIMÓNIO 2|6|0|16
0|45565|EDUCAÇÃO À DISTÂNCIA|6|0|16
0|47135|INTRODUÇÃO À CIÊNCIA POLÍTICA|6|0|16
0|47859|PORTUGUÊS - PROJECTO DE APLICAÇÃO|6|0|16
0|48834|AVALIAÇÃO E MONITORIZAÇÃO EM CONDIÇÕES RESPIRATÓRIAS|6|0|16
0|81488|MÉTODOS ECONOMÉTRICOS PARA FINANÇAS|6|0|16
0|18002|TÉCNICAS DE EXPRESSÃO ORAL E ESCRITA|6|0|16
0|40584|METODOLOGIAS DOS ESTUDOS DE TRADUÇÃO|6|0|16
0|40710|LOGÍSTICA|6|0|16
0|42354|INVESTIGAÇÃO OPERACIONAL|0|0|16
0|46660|EDUCAÇÃO PARA A SUSTENTABILIDADE|6|0|16
0|47843|TÉRMICA INDUSTRIAL|6|0|16
0|48063|BIOLOGIA DO RNA|6|0|16
0|81523|GESTÃO FINANCEIRA DO RISCO|6|0|16
0|18060|TECNOLOGIA DE FABRICO I|6|0|16
0|40379|FUNDAMENTOS DE PROGRAMAÇÃO|6|0|16
0|40617|MATEMÁTICA DISCRETA E COMBINATÓRIA|6|0|16
0|47658|LINGUÍSTICA APLICADA|8|0|16
0|47706|MULTIMÉDIA EDITORIAL I|8|0|16
0|47710|MÚSICA DE CONJUNTO II|6|0|16
0|47796|SEMINÁRIOS EM DESIGN|6|0|16
0|47895|HISTÓRIA DA EDUCAÇÃO|4|0|16
0|48107|ANÁLISE DE DADOS|6|0|16
0|90413|INVESTIGAÇÃO E METODOLOGIAS APLICADAS|6|0|16
0|18090|ELETROTECNIA|6|0|16
0|41013|NANOMATERIAIS E NANOESTRUTURAS|6|0|16
0|41792|ELECTRICIDADE E MAGNETISMO|6|0|16
0|41903|LABORATÓRIO CRIATIVO|6|0|16
0|42596|RECUPERAÇÃO DE INFORMAÇÃO|6|0|16
0|43517|QUÍMICA ORGÂNICA I|6|0|16
0|44205|TEORIA DO TEXTO|8|0|16
0|47889|CRIATIVIDADE COMUNICAÇÃO E LUDICIDADE|6|0|16
0|81538|FUNDAMENTOS DE ECONOMIA|6|0|16
0|90281|PROJETO EM GESTÃO DA QUALIDADE EM SERVIÇOS|6|0|16
0|41386|SUPERVISÃO E AVALIAÇÃO II|6|0|16
0|41583|BIOPATOLOGIA 1|10|0|16
0|42314|BIOTECNOLOGIA VEGETAL|6|0|16
0|43225|POLINÓMIOS ORTOGONAIS E APLICAÇÕES|6|0|16
0|44346|INGLÊS VI-TÉCNICAS DE EXPRESSÃO|6|0|16
0|44610|LITERATURA FRANCESA I|6|0|16
0|47421|EMPREENDEDORISMO|6|0|16
0|47602|GEOFÍSICA APLICADA|6|0|16
0|18065|TECNOLOGIA DE FABRICO II|6|0|16
0|18136|DESENHO ASSISTIDO POR COMPUTADOR PARA INSTALAÇÕES ELÉTRICAS|6|0|16
0|41122|AUDIÇÃO MUSICAL COMENTADA - CULTURAS MUSICAIS|4|0|16
0|41246|ECONOMIA MONETÁRIA|6|0|16
0|45839|FINANÇAS II|6|0|16
0|45946|EDUCAÇÃO CLÍNICA EM FISIOTERAPIA I|15|0|16
0|48170|BIOMARCADORES|6|0|16
0|90377|INGLÊS APLICADO À GESTÃO PÚBLICA|6|0|16
0|90379|MARKETING TERRITORIAL|6|0|16
0|40525|ECOLOGIA DAS ALTERAÇÕES GLOBAIS|6|0|16
0|41487|SINAIS E SISTEMAS DISCRETOS|6|0|16
0|41694|BIOLOGIA, ECOLOGIA E CONSERVAÇÃO DE ZONAS COSTEIRAS|6|0|16
0|45120|CIÊNCIAS INTEGRADAS DA NATUREZA II|8|0|16
0|45302|SOCIOLOGIA DA COMUNICAÇÃO|4|0|16
0|47009|ANÁLISE E TEORIA DA MÚSICA TONAL B|4|0|16
0|81439|CONTABILIDADE DE GESTÃO|6|0|16
0|81489|METODOLOGIAS DE INVESTIGAÇÃO PARA CIÊNCIAS SOCIAIS|4|0|16
0|90109|INTRODUÇÃO À GESTÃO|6|0|16
0|17569|PRINCÍPIOS DE GESTÃO|6|0|16
0|18009|SERVIÇOS TELEMÁTICOS|6|0|16
0|18112|COMÉRCIO E NEGÓCIOS INTERNACIONAIS|6|0|16
0|40494|MONITORIZAÇÃO AMBIENTAL|6|0|16
0|42701|ESTATÍSTICA|8|0|16
0|42725|ESTRUTURAS ALGÉBRICAS|6|0|16
0|81446|SIMULAÇÃO EMPRESARIAL|22|0|16
0|81543|LOGÍSTICA E DISTRIBUIÇÃO MULTICANAL|6|0|16
0|90353|INSTRUMENTAÇÃO E CONTROLO|3|0|16
0|18188|FUNDIÇÃO|6|0|16
0|40920|DIDÁTICA E DESENVOLVIMENTO CURRICULAR DO INGLÊS|6|0|16
0|41121|ESTUDOS DE ÓPERA|4|0|16
0|43305|CONTROLO DE GESTÃO|6|0|16
0|47015|ANATOMO-FISIOLOGIA II|6|0|16
0|47201|ORGANIZAÇÃO E PRESTAÇÃO DE SERVIÇOS PÚBLICOS|6|0|16
0|99257|TÉCNICAS DE SECRETARIADO I|6|0|16
0|17551|GESTÃO DE OPERAÇÕES TURÍSTICAS|6|0|16
0|40749|MEDIAÇÕES LITERÁRIAS|6|0|16
0|40845|PLANEAMENTO E CONTROLO DA PRODUÇÃO|6|0|16
0|41470|HISTÓRIA DA EUROPA|6|0|16
0|43244|TOPOLOGIA ALGÉBRICA|3|0|16
0|43272|COMPLEMENTOS DE INVESTIGAÇÃO OPERACIONAL|6|0|16
0|40678|SEMINÁRIO EM DIDÁTICA DE LÍNGUAS|10|0|16
0|40709|SOCIOLOGIA DAS ORGANIZAÇÕES|6|0|16
0|41472|ITALIANO I|6|0|16
0|41661|ANÁLISE DE DADOS GEOFÍSICOS|6|0|16
0|41766|METALURGIA DA SOLDADURA I|6|0|16
0|45950|ESTUDO DO MOVIMENTO HUMANO I|8|0|16
0|47498|COMPORTAMENTO E LIDERANÇA NAS ORGANIZAÇÕES|6|0|16
0|81525|AUDITORIA FINANCEIRA|6|0|16
0|90044|DIREITO E PROCEDIMENTO ADMINISTRATIVO|6|0|16
0|41334|ENFERMAGEM DO ADULTO E DO IDOSO I|6|0|16
0|42156|TECNOLOGIA ALIMENTAR|6|0|16
0|49867|SEMINÁRIO DE INVESTIGAÇÃO EM CIÊNCIA POLÍTICA|6|0|16
0|49985|PROJECTOS MULTIDISCIPLINARES|6|0|16
0|40635|ECONOMIA DO AMBIENTE E DA ENERGIA|6|0|16
0|41146|JAZIGOS MINERAIS METÁLICOS|6|0|16
0|41239|ÉTICA E PROTOCOLOS|6|0|16
0|41485|SISTEMAS E CONTROLO|6|0|16
0|44701|LÍNGUA LATINA I|6|0|16
0|47978|ELECTRÓNICA DE BAIXA POTÊNCIA|6|0|16
0|81441|CONTABILIDADE DAS SOCIEDADES I|6|0|16
0|18093|APARELHAGEM E MÁQUINAS ELÉTRICAS|6|0|16
0|40385|COMPLEMENTOS DE BASES DE DADOS|6|0|16
0|41530|AMOSTRAGEM E PLANEAMENTO DE EXPERIÊNCIAS|6|0|16
0|42706|ANÁLISE MATEMÁTICA I|8|0|16
0|45858|DEMOGRAFIA|6|0|16
0|81110|PRINCÍPIOS DE CONTABILIDADE|6|0|16
0|81480|PROJETO EMPRESARIAL|18|0|16
0|90288|ALGORITMIA E PROGRAMAÇÃO|6|0|16
0|18170|TECNOLOGIA DOS MATERIAIS|6|0|16
0|40925|PROMOÇÃO E INTERVENÇÃO EM ENVELHECIMENTO ATIVO|6|0|16
0|41204|INTRODUÇÃO À PATOLOGIA DA COMUNICAÇÃO|6|0|16
0|41960|INTRODUÇÃO À ENGENHARIA QUÍMICA|6|0|16
0|41980|TECNOLOGIAS E PROJETO EM ENGENHARIA FÍSICA I|6|0|16
0|42033|LEGISLAÇÃO, GESTÃO DE OBRAS E PLANOS DE MANUNTENÇÃO|6|0|16
0|43103|TEORIA E POLÍTICA DO PLANEAMENTO|6|0|16
0|81443|AUDITORIA|6|0|16
0|84116|MÉTODOS QUANTITATIVOS|6|0|16
0|84314|GESTÃO MARKETING E COMUNICAÇÃO DIGITAL|6|0|16
0|90250|DIMENSIONAMENTO DE INSTALAÇÕES ELÉTRICAS|3|0|16
0|17553|PLANEAMENTO E POLÍTICA DO TURISMO|6|0|16
0|18156|PLANEAMENTO E CONTROLO DE GESTÃO|6|0|16
0|41326|FUNDAMENTOS DE ENFERMAGEM II|8|0|16
0|41330|ENFERMAGEM COMUNITÁRIA|6|0|16
0|45563|SEMINÁRIO DE INVESTIGAÇÃO EM MULTIMÉDIA EM EDUCAÇÃO I|12|0|16
0|46473|MECÂNICA DOS SOLOS II|6|0|16
0|47789|RELAÇÕES POLÍTICO-CULTURAIS|6|0|16
0|82118|ANÁLISE DE PROJECTOS DE INVESTIMENTO|6|0|16
0|99264|INGLÊS - DOCUMENTAÇÃO|6|0|16
0|40278|TRADUÇÃO DE ESPECIALIDADE|8|0|16
0|41744|MARKETING EM TURISMO|6|0|16
0|41891|SEMINÁRIOS DE MANUFATURA ADITIVA|6|0|16
0|42121|BIOTECNOLOGIA APLICADA|6|0|16
0|42141|CRIATIVIDADE E NARRATIVAS|4|0|16
0|44639|FRANCÊS VI-TÉCNICAS DE EXPRESSÃO|6|0|16
0|45169|PSICOLOGIA DA SAÚDE|6|0|16
0|81521|CONTABILIDADE FINANCEIRA AVANÇADA II|6|0|16
0|90350|MATEMÁTICA II|6|0|16
0|18026|SISTEMAS MECATRÓNICOS|6|0|16
0|40987|METODOLOGIA DO PROJECTO MULTIMÉDIA|6|0|16
0|41653|TEORIAS E HISTÓRIA DO DESIGN I|4|0|16
0|41788|BIOMETRIA|6|0|16
0|81458|COMPLEMENTOS DE CONTABILIDADE FINANCEIRA|6|0|16
0|84327|MARKETING NAS REDES SOCIAIS|6|0|16
0|90004|ALEMÃO - RECEPÇÃO E ATENDIMENTO|6|0|16
0|90333|BASES DE DADOS SEMÂNTICAS|6|0|16
0|41340|ENSINO CLÍNICO III|30|0|16
0|47040|BIOQUÍMICA E METABOLISMO|6|0|16
0|47655|FRANCÊS - PROJECTO DE APLICAÇÃO|6|0|16
0|82143|INVESTIMENTOS FINANCEIROS|6|0|16
0|90208|AUDITORIAS DA QUALIDADE|6|0|16
0|17550|INTRODUÇÃO À GESTÃO DAS ORGANIZAÇÕES|6|0|16
0|18152|LOGÍSTICA INDUSTRIAL|6|0|16
0|40631|ANÁLISE MICROECONÓMICA|6|0|16
0|41222|ECONOMIA INDUSTRIAL II|6|0|16
0|42200|MODELAÇÃO E ANIMAÇÃO 3D|6|0|16
0|47034|BIOLOGIA, EVOLUÇÃO E DIVERSIDADE I|6|0|16
0|47109|FISIOLOGIA GERAL|6|0|16
0|47677|MERCADOS E INSTRUMENTOS FINANCEIROS|6|0|16
0|47680|METODOLOGIA DE INVESTIGAÇÃO EM EDUCAÇÃO|6|0|16
0|81473|ÉTICA E DEONTOLOGIA|4|0|16
0|41349|GESTÃO DA QUALIDADE EM SAÚDE|6|0|16
0|42321|FITOPATOLOGIA|6|0|16
0|42609|FRANCÊS III|6|0|16
0|46847|CHINÊS V - LÍNGUA E CULTURA|6|0|16
0|81463|CONTABILIDADE DE GESTÃO|6|0|16
0|18001|APLICAÇÕES INFORMÁTICAS|6|0|16
0|41603|REPRODUÇÃO HUMANA E DOENÇAS ASSOCIADAS|6|0|16
0|42009|AQUISIÇÃO DA LINGUAGEM|6|0|16
0|46863|SISTEMAS DE ANÁLISE MUSICAL|6|0|16
0|47093|ENGENHARIA E DESENVOLVIMENTO DE PRODUTO|6|0|16
0|82505|PESQUISA DE MERCADO|6|0|16
0|40622|LITERATURA INFANTO-JUVENIL|6|0|16
0|41198|FONÉTICA EXPERIMENTAL I|8|0|16
0|41276|INTERVENÇÃO EM FISIOTERAPIA I|8|0|16
0|46671|DIDÁCTICA E DESENVOLVIMENTO CURRICULAR DA MATEMÁTICA A|6|0|16
0|46897|ENGENHARIA COSTEIRA E PORTUÁRIA|6|0|16
0|47309|DESENHO I|6|0|16
0|47695|MÉTODOS QUANTITATIVOS AVANÇADOS|6|0|16
0|81156|COMPETÊNCIAS COMUNICACIONAIS APLICADAS|6|0|16
0|81509|DERIVADOS|6|0|16
0|41350|BIOBANCOS E GESTÃO DE AMOSTRAS BIOLÓGICAS|6|0|16
0|41606|LABORATÓRIOS EM BIOMEDICINA MOLECULAR|6|0|16
0|45620|PATOLOGIA CLÍNICA II|6|0|16
0|47204|POLÍTICAS DA EDUCAÇÃO, CIÊNCIA E TECNOLOGIA|6|0|16
0|47734|PLANEAMENTO ESTRATÉGICO TERRITORIAL|6|0|16
0|48235|ESPANHOL II - PRÁTICAS AVANÇADAS DE TRADUÇÃO|10|0|16
0|18110|GESTÃO DE CLIENTES E CRM|6|0|16
0|40984|IMAGEM DIGITAL E FOTOGRAFIA|8|0|16
0|44550|CULTURA E TRANSFORMAÇÃO SOCIAL|6|0|16
0|47188|MÚSICA NA HISTÓRIA E NA CULTURA B|6|0|16
0|47634|INGLÊS I - PRÁTICAS AVANÇADAS DE TRADUÇÃO|10|0|16
0|81514|AUDITORIA INTERNA E CONTROLO DE GESTÃO|6|0|16
0|84112|ESTATÍSTICA|6|0|16
0|18013|PLANEAMENTO DE REDES|6|0|16
0|42096|SELEÇÃO DE MATERIAIS E SIMULAÇÃO|6|0|16
0|47672|MECÂNICA DAS ROCHAS|6|0|16
0|17565|COMUNICAÇÃO NA WEB|6|0|16
0|40580|DIRECÇÃO|24|0|16
0|41407|INSTRUMENTAÇÃO ELECTRÓNICA|6|0|16
0|47007|ANÁLISE E TEORIA DA MÚSICA DO SÉCULO XX|4|0|16
0|40404|MÉTODOS INSTRUMENTAIS DE ANÁLISE|6|0|16
0|40564|PRÁTICA DE INVESTIGAÇÃO II|6|0|16
0|41312|ESTUDOS AVANÇADOS DE FISCALIDADE|6|0|16
0|42138|TECNOLOGIAS E DESENVOLVIMENTO WEB|10|0|16
0|45660|GOVERNO DIGITAL|6|0|16
0|45927|DIDÁCTICA E DESENVOLVIMENTO CURRICULAR DA BIOLOGIA E GEOLOGIA II|6|0|16
0|46497|ESTRUTURAS DE BETÃO|6|0|16
0|47270|TEORIA DOS NÚMEROS E APLICAÇÕES|6|0|16
0|47856|ESPANHOL - PROJECTO DE APLICAÇÃO|6|0|16
0|17559|SISTEMAS DE INFORMAÇÃO PARA AS ORGANIZAÇÕES|6|0|16
0|18022|ELETRÓNICA INDUSTRIAL E ELECTRICIDADE|6|0|16
0|18082|LABORATÓRIOS DE PROGRAMAÇÃO|6|0|16
0|18097|QUALIDADE E SEGURANÇA|6|0|16
0|40692|LÍNGUA E CULTURA INGLESA|6|0|16
0|40787|INTRODUÇÃO À ENGENHARIA DE MATERIAIS|6|0|16
0|43359|CHINA MODERNA E CONTEMPORÂNEA|8|0|16
0|44267|DESENVOLVIMENTO DA LINGUAGEM NA CRIANÇA|6|0|16
0|81155|LIDERANÇA E GESTÃO DE PESSOAS|6|0|16
0|41216|ECONOMIA PÚBLICA|6|0|16
0|43280|OPTIMIZAÇÃO LINEAR|6|0|16
0|48833|EXERCÍCIO TERAPÊUTICO EM FISIOTERAPIA MUSCULOSQUELÉTICA|6|0|16
0|90274|INGLÊS APLICADO À QUALIDADE|6|0|16
0|90359|PROCESSOS DE FABRICO|3|0|16
0|90410|LIDERANÇA E QUALIDADE TOTAL|6|0|16
0|90417|SEMINÁRIO II|6|0|16
0|40307|MICROBIOLOGIA|6|0|16
0|42145|ACESSIBILIDADE DIGITAL E CONFORMIDADE|6|0|16
0|43444|MATEMÁTICA E EDUCAÇÃO|8|0|16
0|44555|SEMINÁRIO DE ORIENTAÇÃO EM ESTUDOS CULTURAIS|6|0|16
0|45523|POLÍTICAS TERRITORIAIS DE DESENVOLVIMENTO|6|0|16
0|47347|TÉCNICAS DE SEPARAÇÃO|6|0|16
0|82130|MARKETING ESTRATÉGICO|6|0|16
0|90309|GESTÃO DA CADEIA DE ABASTECIMENTO DO RETALHO|6|0|16
0|90418|SEMINÁRIO I|6|0|16
0|17557|GESTÃO DA QUALIDADE NO TURISMO|6|0|16
0|18027|FABRICO ASSISTIDO POR COMPUTADOR|6|0|16
0|41889|METROLOGIA 3D|6|0|16
0|47126|HISTÓRIA DO PENSAMENTO SOCIAL E POLÍTICO|6|0|16
0|81531|FISCALIDADE INTERNACIONAL|6|0|16
0|90076|FRANCÊS - LÍNGUA|6|0|16
0|40589|RUSSO I|6|0|16
0|40932|BIOTECNOLOGIA ALIMENTAR|6|0|16
0|43446|LÍNGUA PORTUGUESA, GRAMÁTICA E COMUNICAÇÃO|6|0|16
0|47250|SISTEMAS ORGÂNICOS E FUNCIONAIS III|10|0|16
0|40660|COMPOSTOS BIOACTIVOS E ALIMENTOS FUNCIONAIS|6|0|16
0|41177|SEMINÁRIO DE ÁLGEBRA E GEOMETRIA II|6|0|16
0|41282|CONDIÇÕES CÁRDIO-RESPIRATÓRIAS|8|0|16
0|44525|LITERATURA PORTUGUESA III|6|0|16
0|47568|ESPANHOL I - PRÁTICAS AVANÇADAS DE TRADUÇÃO|10|0|16
0|47592|FRANCÊS I - PRÁTICAS AVANÇADAS DE TRADUÇÃO|10|0|16
0|47788|RELAÇÕES INTERCULTURAIS|4|0|16
0|90077|FRANCÊS - RECEPÇÃO E ATENDIMENTO|6|0|16
0|40352|BIOLOGIA CELULAR|6|0|16
0|40591|RUSSO III|6|0|16
0|40725|ANATOMIA E FISIOLOGIA II|6|0|16
0|41218|ECONOMIA PORTUGUESA|6|0|16
0|41399|ETNOMUSICOLOGIA E ESTUDOS EM MÚSICA POPULAR|24|0|16
0|41495|ELETRÓNICA ANALÓGICA|6|0|16
0|41521|LABORATÓRIOS DE ESTATÍSTICA|6|0|16
0|43230|ANÁLISE MULTIVARIADA E APRENDIZAGEM ESTATÍSTICA|6|0|16
0|47467|ANÁLISE MUSICAL|6|0|16
0|90308|GESTÃO ESTRATÉGICA|6|0|16
0|99939|PROJECTO TEMÁTICO EM ELECTRÓNICA E SISTEMAS ANALÓGICOS|6|0|16
0|40832|DESIGN DE PRODUTOS SUSTENTÁVEIS|6|0|16
0|40951|IMUNOLOGIA|6|0|16
0|41208|ECONOMIA II|6|0|16
0|43310|TÉCNICAS DE PERCEPÇÃO DE REDES|6|0|16
0|18079|PROJETO DE DESENVOLVIMENTO DE SOFTWARE|6|0|16
0|41712|GEOGRAFIA DO TURISMO|6|0|16
0|42028|REABILITAÇÃO DE ESTRUTURAS TRADICIONAIS|6|0|16
0|43370|LÍNGUA CHINESA I|8|0|16
0|47068|DESENHO E EXPRESSÃO I|6|0|16
0|81478|INSTRUMENTOS FINANCEIROS A PRAZO|6|0|16
0|81512|ANÁLISE E CONTROLO DE PROJETOS|6|0|16
0|40569|MODIFICAÇÃO DO COMPORTAMENTO|6|0|16
0|41959|QUÍMICA FÍSICA|6|0|16
0|42224|ALTERAÇÕES GLOBAIS EM AMBIENTES DE TRANSIÇÃO|6|0|16
0|45654|NEUROPSICOPATOLOGIA|6|0|16
0|48104|NEUROBIOLOGIA|6|0|16
0|48105|MARKETING TURÍSTICO|4|0|16
0|41360|EXCLUSÃO SOCIAL E POLÍTICAS PÚBLICAS|6|0|16
0|42216|ECO-DESIGN E ECO-EFICIÊNCIA|6|0|16
0|47579|ESTRUTURAS DE BETÃO ARMADO E PRÉ-ESFORÇADO|6|0|16
0|81464|CONTABILIDADE DAS SOCIEDADES I|6|0|16
0|90085|GESTÃO DE RECURSOS HUMANOS NA ADMINISTRAÇÃO PÚBLICA|6|0|16
0|42603|FRANCÊS I|6|0|16
0|42782|BIOESTATÍSTICA|6|0|16
0|90313|GESTÃO DE OPERAÇÕES DE RETALHO|6|0|16
0|40640|MÉTODOS E TÉCNICAS EM RADIOTERAPIA II|6|0|16
0|41284|INTERVENÇÃO EM CONDIÇÕES ESPECIFICAS|6|0|16
0|42007|LINGUÍSTICA E LÍNGUAS EM CONTRASTE|6|0|16
0|43946|GESTÃO DE OPERAÇÕES|6|0|16
0|44404|LINGUÍSTICA ALEMÃ|6|0|16
0|44861|PROJECTO DE DESENVOLVIMENTO DE PRODUTO III|12|0|16
0|46442|LABORATÓRIO DE TECNOLOGIA EM TURISMO|6|0|16
0|47084|ECOLOGIA GERAL|6|0|16
0|47532|DESIGN EDITORIAL|8|0|16
0|90042|DIREITO DAS OBRIGAÇÕES E DOS CONTRATOS|6|0|16
0|18139|ROBÓTICA|6|0|16
0|18189|PROJETO EM FUNDIÇÃO|6|0|16
0|41151|SEMINÁRIO DE MATEMÁTICA APLICADA|6|0|16
0|41771|INTRODUÇÃO AO PROCESSO DE APOIO À DECISÃO CLÍNICA|6|0|16
0|42413|ERGONOMIA COGNITIVA|4|0|16
0|46890|ESPANHOL V|6|0|16
0|90356|MÉTODOS NUMÉRICOS E ESTATÍSTICOS|6|0|16
0|18086|TESTES E QUALIDADE DE SOFTWARE|6|0|16
0|40646|ONCOLOGIA E IMAGIOLOGIA ONCOLÓGICA|6|0|16
0|41782|SEGURANÇA EM REDES DE COMUNICAÇÕES|6|0|16
0|42196|FUNDAMENTOS DE SISTEMAS OPERATIVOS|6|0|16
0|45718|FISCALIDADE|6|0|16
0|47317|QUALIDADE E CONTROLO|4|0|16
0|41757|MECÂNICA DOS FLUIDOS|6|0|16
0|46892|LINGUÍSTICA ESPANHOLA|6|0|16
0|47115|GEODINÂMICA E RISCOS GEOLÓGICOS|6|0|16
0|47120|GESTÃO DE PROJECTO E ORÇAMENTAÇÃO|4|0|16
0|47192|NEUROPSICOLOGIA|6|0|16
0|47559|ENERGIA, MOBILIDADE E TRANSPORTES|6|0|16
0|48137|SISTEMAS ORGÂNICOS E FUNCIONAIS II|10|0|16
0|41220|METODOLOGIAS DE INTERVENÇÃO II|8|0|16
0|41925|ESPANHOL - PRÁTICAS AVANÇADAS DE TRADUÇÃO|6|0|16
0|45949|EDUCAÇÃO CLÍNICA EM FISIOTERAPIA III|30|0|16
0|46672|DIDÁCTICA E DESENVOLVIMENTO CURRICULAR DA MATEMÁTICA B|6|0|16
0|47125|HISTÓRIA DO LIVRO E DA EDIÇÃO|6|0|16
0|47244|SISTEMAS E GESTÃO DE INFORMAÇÃO|6|0|16
0|90086|GESTÃO FINANCEIRA E ORÇAMENTAL|6|0|16
0|90344|MATEMÁTICA I|6|0|16
0|90412|AUDITORIAS DE SISTEMAS DE GESTÃO|6|0|16
0|18130|MARKETING E VENDAS|6|0|16
0|40819|FUNDAMENTOS DE TERMOFLUIDOS|6|0|16
0|41277|CONDIÇÕES MÚSCULO-ESQUELÉTICAS|8|0|16
0|42606|ALEMÃO I|6|0|16
0|45601|SEMINÁRIO DE INVESTIGAÇÃO EM MULTIMÉDIA EM EDUCAÇÃO (3º ANO)|8|0|16
0|45948|CONTEXTOS EMERGENTES EM FISIOTERAPIA|6|0|16
0|47050|CITOLOGIA E HISTOLOGIA|6|0|16
0|82151|SUSTENTABILIDADE E RESPONSABILIDADE SOCIAL|6|0|16
0|18019|TÓPICOS DE MATEMÁTICA|6|0|16
0|40989|ENGENHARIA DA QUALIDADE|6|0|16
0|41527|ANÁLISE DE DADOS MULTIVARIADOS|6|0|16
0|46430|TECNOLOGIA DA CONSTRUÇÃO|6|0|16
0|47012|ANÁLISE, TEORIA E CRIAÇÃO MUSICAL A|4|0|16
0|90010|APARELHAGEM ELÉCTRICA|4|0|16
0|90121|MATEMÁTICA APLICADA|6|0|16
0|90298|TECNOLOGIAS DE INTEGRAÇÃO|6|0|16
0|40354|METODOLOGIAS DE INVESTIGAÇÃO|6|0|16
0|42205|DESENHO DE PERSONAGENS|6|0|16
0|45314|GRAFOS E COMBINATÓRIA|6|0|16
0|47086|ELEMENTOS DE LÓGICA|6|0|16
0|81529|CONTABILIDADE E FISCALIDADE DA ECONOMIA SOCIAL|6|0|16
0|84321|PUBLICIDADE ONLINE|6|0|16
0|99930|PROJECTO TEMÁTICO EM APLICAÇÕES WEB|6|0|16
0|40261|EXERCÍCIO E ACTIVIDADE FÍSICA EM FISIOTERAPIA|6|0|16
0|41150|PRÁTICA TUTORIAL|6|0|16
0|41320|LINGUÍSTICA APLICADA À TERAPIA DA FALA|6|0|16
0|41341|ENSINO CLÍNICO IV|30|0|16
0|44640|FRANCÊS V-TÉCNICAS DE EXPRESSÃO|6|0|16
0|47620|GOVERNAÇÃO, DEMOCRACIA E GLOBALIZAÇÃO|6|0|16
0|47876|MULTINACIONAIS E INVESTIMENTO ESTRANGEIRO|6|0|16
0|48081|PLANEAMENTO EXPERIMENTAL E ANÁLISE DE DADOS BIOLÓGICOS|6|0|16
0|81516|CONTABILIDADE DE GESTÃO ESTRATÉGICA|6|0|16
0|90249|PROJETO TEMÁTICO EM PROJETO DE INSTALAÇÕES DE ENERGIA ELÉTRICA|8|0|16
0|90280|GESTÃO E QUALIDADE DE SERVIÇOS|6|0|16
0|40401|SEMINÁRIO DE INVESTIGAÇÃO EM DESIGN I|12|0|16
0|41210|PERTURBAÇÕES DA COMUNICAÇÃO II|8|0|16
0|41780|CRIPTOGRAFIA APLICADA|6|0|16
0|43243|HISTÓRIA DA MATEMÁTICA|6|0|16
0|44644|CULTURA FRANCESA I|6|0|16
0|45611|BIOQUÍMICA CLÍNICA AVANÇADA|6|0|16
0|45883|PROJECTOS EM MÚSICA|6|0|16
0|81541|ECONOMIA E NEGÓCIOS INTERNACIONAIS|6|0|16
0|82111|ANÁLISE FINANCEIRA|6|0|16
0|90343|DESENHO TÉCNICO|6|0|16
0|18076|PROGRAMAÇÃO MOBILE|6|0|16
0|18109|TEATRO DE VENDAS|6|0|16
0|18113|PROJETO DE VENDAS E MARKETING|6|0|16
0|40140|ÉTICA E DEONTOLOGIA PROFISSIONAL|4|0|16
0|40329|DETEÇÃO REMOTA E SIG|6|0|16
0|40913|MÉTODOS NUMÉRICOS E ESTATÍSTICOS|6|0|16
0|41563|BIOMOLÉCULAS|6|0|16
0|42152|IDENTIDADE VISUAL E PÓS-PRODUÇÃO|6|0|16
0|47793|ROBÓTICA INDUSTRIAL|6|0|16
0|90294|ESTRUTURAS DE DADOS E PROGRAMAÇÃO|6|0|16
0|90342|FÍSICA GERAL|6|0|16
0|41307|TEORIA DA CONTABILIDADE AVANÇADA|6|0|16
0|41966|SISTEMAS AMBIENTAIS I|6|0|16
0|43329|RESISTÊNCIA DE MATERIAIS II|8|0|16
0|47096|ESTRUTURA ATÓMICA E MOLECULAR|6|0|16
0|81532|GESTÃO FISCAL|6|0|16
0|99247|AUTOMAÇÃO|3|0|16
